1524784984749,begin 1000,,,,,,
1524784984750,top,,,,,,
1524784984750,gyro,-3.8325932000000003,0.3009611,-0.0026633726,67440764.058837,67440764058837.0,0.0
1524784984751,gyro,-4.0483265,0.34357506,0.018643608,67440774.251708,67440774251708.0,1.0
1524784984780,gyro,-3.9071674,0.38352564,0.04261396,67440798.757323,67440798757323.0,3.0
1524784984780,gyro,-4.0722966,0.38086227,0.039950587,67440783.86474499,67440783864745.0,2.0
1524784984780,gyro,-3.1800667999999996,0.2530204,-0.013316861999999999,67440814.138183,67440814138183.0,5.0
1524784984780,gyro,-3.582236,0.33824829999999995,0.023970352,67440804.128417,67440804128417.0,4.0
1524784984810,gyro,-2.780561,0.17311922,-0.05326745,67440823.903808,67440823903808.0,6.0
1524784984811,gyro,-2.1972822999999995,0.087891296,-0.087891296,67440844.045409,67440844045409.0,8.0
1524784984811,gyro,-2.4476395,0.11452502,-0.08256455,67440834.127196,67440834127196.0,7.0
1524784984840,gyro,-2.0268266,0.087891296,-0.07723781,67440854.085692,67440854085692.0,9.0
1524784984841,gyro,-1.8989846999999997,0.10387153,-0.058594197,67440864.003905,67440864003905.0,10.0
1524784984881,gyro,-1.6219938999999999,0.13583199999999998,-0.015980236000000002,67440890.27954,67440890279540.0,12.0
1524784984881,gyro,-1.4089241000000001,0.14115874,0.0026633726,67440894.490966,67440894490966.0,13.0
1524784984881,gyro,-1.7738061,0.122515135,-0.037287217000000004,67440874.13574101,67440874135741.0,11.0
1524784984882,gyro,-1.1159531,0.14115874,0.018643608,67440905.111083,67440905111083.0,14.0
1524784984882,gyro,-0.74041754,0.13849537,0.031960472000000004,67440913.564452,67440913564452.0,15.0
1524784984910,gyro,0.7297640999999999,0.037287217000000004,0.0026633726,67440943.898925,67440943898925.0,18.0
1524784984910,gyro,-0.292971,0.12517852,0.034623843,67440923.696288,67440923696288.0,16.0
1524784984910,gyro,0.20774306,0.09055467,0.02130698,67440933.828124,67440933828124.0,17.0
1524784984940,gyro,1.2331415000000001,-0.02130698,-0.02130698,67440953.603515,67440953603515.0,19.0
1524784984941,gyro,1.6779248,-0.07990117,-0.045277335,67440963.76586801,67440963765868.0,20.0
1524784984971,gyro,2.02949,-0.12784189,-0.061257567,67440973.897704,67440973897704.0,21.0
1524784984971,gyro,2.2691934,-0.15980235,-0.07457443,67440989.522704,67440989522704.0,22.0
1524784984972,gyro,2.3970354,-0.17311922,-0.07723781,67440993.73413001,67440993734130.0,23.0
1524784984972,gyro,2.415679,-0.17844597,-0.07191106,67441003.68286,67441003682860.0,24.0
1524784985000,gyro,2.3411044999999997,-0.17578259,-0.061257567,67441013.479003,67441013479003.0,25.0
1524784985000,gyro,2.1866288,-0.17045584,-0.045277335,67441023.641356,67441023641356.0,26.0
1524784985001,gyro,1.9708956000000002,-0.16246572,-0.031960472000000004,67441033.742675,67441033742675.0,27.0
1524784985030,gyro,1.7125485,-0.14914887,-0.023970352,67441043.416747,67441043416747.0,28.0
1524784985031,gyro,1.4382211999999999,-0.13050525,-0.02130698,67441053.579101,67441053579101.0,29.0
1524784985061,gyro,1.1692206,-0.111861646,-0.015980236000000002,67441063.558349,67441063558349.0,30.0
1524784985061,gyro,0.9241903,-0.09055467,-0.0026633726,67441077.74902199,67441077749022.0,31.0
1524784985062,gyro,0.585942,-0.05060408,0.034623843,67441094.442138,67441094442138.0,33.0
1524784985062,gyro,0.72443736,-0.069247685,0.013316861999999999,67441083.486327,67441083486327.0,32.0
1524784985091,gyro,0.5140309000000001,-0.037287217000000004,0.055930823,67441103.292235,67441103292235.0,34.0
1524784985098,gyro,0.51136756,-0.034623843,0.06658431,67441113.454589,67441113454589.0,35.0
1524784985120,gyro,0.5619715999999999,-0.039950587,0.069247685,67441123.67797801,67441123677978.0,36.0
1524784985121,gyro,0.65252626,-0.055930823,0.063920945,67441133.413085,67441133413085.0,37.0
1524784985151,gyro,0.87624955,-0.09055467,0.04261396,67441160.14648299,67441160146483.0,39.0
1524784985151,gyro,0.7643879,-0.07457443,0.05326745,67441143.392333,67441143392333.0,38.0
1524784985152,gyro,1.0733391,-0.11452502,0.018643608,67441183.339843,67441183339843.0,42.0
1524784985152,gyro,0.9747943000000001,-0.10653489999999999,0.034623843,67441164.510497,67441164510497.0,40.0
1524784985152,gyro,1.0413786,-0.11452502,0.026633725,67441173.635253,67441173635253.0,41.0
1524784985181,gyro,1.0733391,-0.10387153,0.018643608,67441193.105468,67441193105468.0,43.0
1524784985182,gyro,1.0573589,-0.09055467,0.023970352,67441203.359374,67441203359374.0,44.0
1524784985210,gyro,1.0360519,-0.07723781,0.034623843,67441213.49121,67441213491210.0,45.0
1524784985210,gyro,1.0227351,-0.07457443,0.04261396,67441223.226317,67441223226317.0,46.0
1524784985211,gyro,1.0200717,-0.07457443,0.047940705,67441233.175048,67441233175048.0,47.0
1524784985242,gyro,1.1692206,-0.034623843,0.09854478400000001,67441273.122558,67441273122558.0,51.0
1524784985242,gyro,1.0520321000000001,-0.06658431,0.063920945,67441258.199462,67441258199462.0,49.0
1524784985242,gyro,1.0280617,-0.07457443,0.05326745,67441242.84911999,67441242849120.0,48.0
1524784985242,gyro,1.0946461,-0.055930823,0.07990117,67441264.241942,67441264241942.0,50.0
1524784985270,gyro,1.6326473999999997,0.005326745,0.20241632,67441303.090819,67441303090819.0,54.0
1524784985270,bottom,,,,,,
1524784985270,gyro,1.4515381,0.0,0.15980235,67441293.081054,67441293081054.0,53.0
1524784985270,gyro,1.2890723,-0.013316861999999999,0.12517852,67441283.040771,67441283040771.0,52.0
1524784985300,gyro,1.8004398000000001,0.0026633726,0.24769364,67441312.825927,67441312825927.0,55.0
1524784985301,gyro,1.9202917000000002,0.005326745,0.28764424,67441323.293456,67441323293456.0,56.0
1524784985331,gyro,1.9442618999999999,0.09055467,0.34091170000000004,67441349.630126,67441349630126.0,58.0
1524784985331,gyro,1.9655688999999998,0.031960472000000004,0.3196047,67441333.15063399,67441333150634.0,57.0
1524784985332,gyro,1.8750143,0.17311922,0.35955529999999997,67441353.933105,67441353933105.0,59.0
1524784985332,gyro,1.7844596000000001,0.26367387,0.37553552,67441363.485106,67441363485106.0,60.0
1524784985361,gyro,1.6885782,0.35422856,0.39684250000000004,67441372.701415,67441372701415.0,61.0
1524784985361,gyro,1.6033503,0.44478320000000005,0.41548613,67441382.863769,67441382863769.0,62.0
1524784985390,gyro,1.5261124,0.53800124,0.43412971,67441393.087157,67441393087157.0,63.0
1524784985391,gyro,1.4595281999999998,0.63121927,0.44478320000000005,67441402.822265,67441402822265.0,64.0
1524784985398,gyro,1.3982706,0.72443736,0.4554367,67441412.801513,67441412801513.0,65.0
1524784985420,gyro,1.0653489999999999,1.044042,0.47141695,67441454.305419,67441454305419.0,69.0
1524784985420,gyro,1.3290229,0.80966526,0.46076345,67441422.475585,67441422475585.0,66.0
1524784985420,gyro,1.1585671,0.97213095,0.47141695,67441448.476562,67441448476562.0,68.0
1524784985420,gyro,1.251785,0.89489317,0.46875358,67441432.76000899,67441432760009.0,67.0
1524784985450,gyro,0.9881112,1.1026361999999998,0.46342683,67441462.51464699,67441462514647.0,70.0
1524784985450,gyro,0.9321804,1.1452502,0.4554367,67441472.402343,67441472402343.0,71.0
1524784985451,gyro,0.90554667,1.1692206,0.44744658,67441482.351073,67441482351073.0,72.0
1524784985480,gyro,0.90554667,1.1772107,0.44211984,67441492.421874,67441492421874.0,73.0
1524784985481,gyro,0.9694676,1.1319333,0.40216926,67441512.288817,67441512288817.0,75.0
1524784985481,gyro,0.92951703,1.1638938,0.42613959999999995,67441502.767333,67441502767333.0,74.0
1524784985520,gyro,1.0174084,1.0839926000000002,0.37553552,67441522.390136,67441522390136.0,76.0
1524784985520,gyro,1.0493687,1.0333885,0.35422856,67441538.411864,67441538411864.0,77.0
1524784985521,gyro,1.0493687,0.9907746,0.33292156,67441542.897948,67441542897948.0,78.0
1524784985521,gyro,1.0067549,0.95615077,0.30362448,67441552.785644,67441552785644.0,79.0
1524784985550,gyro,0.92951703,0.92685366,0.2610105,67441562.27661,67441562276610.0,80.0
1524784985551,gyro,0.74041754,0.8522791999999999,0.16779247,67441582.143554,67441582143554.0,82.0
1524784985551,gyro,0.836299,0.89489317,0.21306979999999998,67441572.469481,67441572469481.0,81.0
1524784985580,gyro,0.6605164000000001,0.79901177,0.13583199999999998,67441592.244872,67441592244872.0,83.0
1524784985581,gyro,0.59659547,0.74041754,0.11452502,67441602.43774301,67441602437743.0,84.0
1524784985588,gyro,0.5539814999999999,0.67916,0.09854478400000001,67441612.44750899,67441612447509.0,85.0
1524784985620,gyro,0.5300111,0.6152390999999999,0.08522792,67441622.18261601,67441622182616.0,86.0
1524784985620,gyro,0.522021,0.54865474,0.063920945,67441638.479003,67441638479003.0,87.0
1524784985621,gyro,0.522021,0.4767437,0.037287217000000004,67441644.368896,67441644368896.0,88.0
1524784985621,gyro,0.51669425,0.40216926,0.007990118000000001,67441651.93725501,67441651937255.0,89.0
1524784985650,gyro,0.49805066,0.32759482,-0.013316861999999999,67441662.069091,67441662069091.0,90.0
1524784985650,gyro,0.46076345,0.25035703,-0.029297099,67441672.322997,67441672322997.0,91.0
1524784985651,gyro,0.39684250000000004,0.17045584,-0.04261396,67441682.210692,67441682210692.0,92.0
1524784985681,gyro,0.30628785,0.09055467,-0.05326745,67441692.006835,67441692006835.0,93.0
1524784985681,gyro,0.19708957,0.007990118000000001,-0.063920945,67441702.138671,67441702138671.0,94.0
1524784985720,gyro,-0.19975294,-0.32226807,-0.10120816,67441742.910155,67441742910155.0,97.0
1524784985720,gyro,-0.13583199999999998,-0.22905004,-0.087891296,67441732.473144,67441732473144.0,96.0
1524784985720,gyro,0.07723781,-0.06658431,-0.07191106,67441712.270507,67441712270507.0,95.0
1524784985721,gyro,-0.22638667,-0.43412971,-0.117188394,67441751.729735,67441751729735.0,98.0
1524784985750,gyro,-0.22638667,-0.5513180999999999,-0.14115874,67441761.831054,67441761831054.0,99.0
1524784985750,gyro,-0.21040644,-0.6711699000000001,-0.16779247,67441771.993407,67441771993407.0,100.0
1524784985750,gyro,-0.18643607,-0.7936850000000001,-0.19442620000000002,67441781.972655,67441781972655.0,101.0
1524784985780,top,,,,,,
1524784985780,gyro,-0.17045584,-0.9241903,-0.21040644,67441791.768798,67441791768798.0,102.0
1524784985781,gyro,-0.19442620000000002,-1.0333885,-0.19975294,67441801.931151,67441801931151.0,103.0
1524784985811,gyro,-0.17578259,-1.0120816,-0.17844597,67441812.15454,67441812154540.0,104.0
1524784985811,gyro,0.72443736,-0.6365460000000001,-0.27699074,67441832.11303599,67441832113036.0,106.0
1524784985811,gyro,0.09588141,-0.8256455,-0.20241632,67441827.65746999,67441827657470.0,105.0
1524784985811,gyro,1.4755085,-0.6285559000000001,-0.31694132,67441842.000731,67441842000731.0,107.0
1524784985840,gyro,1.8856678,-0.721774,-0.26367387,67441851.64428599,67441851644286.0,108.0
1524784985841,gyro,1.6965683999999996,-0.65518963,-0.20507969,67441861.80664,67441861806640.0,109.0
1524784985841,gyro,1.0174084,-0.33292156,-0.26367387,67441871.938476,67441871938476.0,110.0
1524784985871,gyro,0.17844597,0.10653489999999999,-0.40483263,67441881.612548,67441881612548.0,111.0
1524784985871,gyro,-0.52734774,0.4767437,-0.45010996,67441891.805419,67441891805419.0,112.0
1524784985913,gyro,-0.86825943,0.48739716,-0.111861646,67441922.902831,67441922902831.0,114.0
1524784985913,gyro,-0.950824,0.6685065,-0.32759482,67441901.754149,67441901754149.0,113.0
1524784985914,gyro,-0.50337744,0.2530204,-0.16779247,67441931.661376,67441931661376.0,115.0
1524784985914,gyro,-0.09854478400000001,0.034623843,-0.22638667,67441941.671142,67441941671142.0,116.0
1524784985951,gyro,0.45810008,-0.22372329,-0.13849537,67441961.59911999,67441961599120.0,118.0
1524784985951,gyro,0.55664486,-0.27432737,-0.07191106,67441971.608886,67441971608886.0,119.0
1524784985951,gyro,0.54865474,-0.2823175,-0.039950587,67441981.58813399,67441981588134.0,120.0
1524784985951,gyro,0.23704016,-0.122515135,-0.21040644,67441953.267821,67441953267821.0,117.0
1524784985980,gyro,0.46875358,-0.2610105,-0.04261396,67441991.35375899,67441991353759.0,121.0
1524784986013,gyro,-0.0026633726,-0.10919827,0.013316861999999999,67442032.33886601,67442032338866.0,124.0
1524784986013,gyro,0.3489018,-0.22372329,-0.045277335,67442001.54663001,67442001546630.0,122.0
1524784986013,gyro,0.09055467,-0.14382212,-0.005326745,67442023.03100501,67442023031005.0,123.0
1524784986013,gyro,-0.055930823,-0.08522792,0.018643608,67442041.49414,67442041494140.0,125.0
1524784986040,gyro,-0.05060408,-0.07723781,0.013316861999999999,67442051.229247,67442051229247.0,126.0
1524784986041,gyro,-0.005326745,-0.08256455,0.01065349,67442061.42211801,67442061422118.0,127.0
1524784986041,gyro,0.055930823,-0.09588141,0.007990118000000001,67442071.614989,67442071614989.0,128.0
1524784986070,gyro,0.10387153,-0.10387153,0.0,67442081.16699101,67442081166991.0,129.0
1524784986103,gyro,-0.005326745,-0.015980236000000002,-0.018643608,67442121.328124,67442121328124.0,132.0
1524784986103,gyro,0.117188394,-0.09854478400000001,-0.0026633726,67442091.359862,67442091359862.0,130.0
1524784986103,gyro,0.045277335,-0.045277335,-0.013316861999999999,67442112.81371999,67442112813720.0,131.0
1524784986104,gyro,-0.047940705,0.0026633726,-0.018643608,67442131.246337,67442131246337.0,133.0
1524784986130,gyro,-0.07990117,0.015980236000000002,-0.02130698,67442141.011962,67442141011962.0,134.0
1524784986131,gyro,-0.09588141,0.023970352,-0.023970352,67442151.204833,67442151204833.0,135.0
1524784986131,gyro,-0.10387153,0.029297099,-0.029297099,67442161.184081,67442161184081.0,136.0
1524784986161,gyro,-0.111861646,0.039950587,-0.034623843,67442170.949706,67442170949706.0,137.0
1524784986161,gyro,-0.11985177,0.047940705,-0.04261396,67442181.142577,67442181142577.0,138.0
1524784986203,gyro,-0.12784189,0.055930823,-0.05060408,67442191.121825,67442191121825.0,139.0
1524784986203,gyro,-0.13583199999999998,0.063920945,-0.063920945,67442212.301024,67442212301024.0,140.0
1524784986203,gyro,-0.13050525,0.06658431,-0.069247685,67442221.669921,67442221669921.0,141.0
1524784986204,gyro,-0.122515135,0.06658431,-0.07723781,67442231.038817,67442231038817.0,142.0
1524784986231,gyro,-0.087891296,0.055930823,-0.07990117,67442260.976562,67442260976562.0,145.0
1524784986231,gyro,-0.10919827,0.063920945,-0.08256455,67442240.804442,67442240804442.0,143.0
1524784986231,gyro,-0.09854478400000001,0.061257567,-0.08256455,67442250.997314,67442250997314.0,144.0
1524784986260,gyro,-0.07990117,0.047940705,-0.07990117,67442270.742187,67442270742187.0,146.0
1524784986292,bottom,,,,,,
1524784986292,gyro,-0.07990117,0.04261396,-0.08256455,67442280.935058,67442280935058.0,147.0
1524784986293,gyro,-0.09854478400000001,0.047940705,-0.07457443,67442302.510985,67442302510985.0,148.0
1524784986293,gyro,-0.122515135,0.055930823,-0.069247685,67442320.85205,67442320852050.0,150.0
1524784986293,gyro,-0.11452502,0.05326745,-0.069247685,67442310.811767,67442310811767.0,149.0
1524784986320,gyro,-0.12517852,0.05060408,-0.07191106,67442330.617675,67442330617675.0,151.0
1524784986321,gyro,-0.11985177,0.045277335,-0.07191106,67442350.759276,67442350759276.0,153.0
1524784986321,gyro,-0.11985177,0.047940705,-0.07191106,67442340.810546,67442340810546.0,152.0
1524784986350,gyro,-0.12517852,0.047940705,-0.069247685,67442360.524901,67442360524901.0,154.0
1524784986351,gyro,-0.13050525,0.05060408,-0.06658431,67442370.74829,67442370748290.0,155.0
1524784986393,gyro,-0.13583199999999998,0.061257567,-0.069247685,67442411.458739,67442411458739.0,158.0
1524784986393,gyro,-0.13583199999999998,0.061257567,-0.06658431,67442402.150878,67442402150878.0,157.0
1524784986393,gyro,-0.13583199999999998,0.055930823,-0.06658431,67442380.697021,67442380697021.0,156.0
1524784986394,gyro,-0.14115874,0.063920945,-0.06658431,67442420.614013,67442420614013.0,159.0
1524784986420,gyro,-0.14914887,0.06658431,-0.063920945,67442430.379638,67442430379638.0,160.0
1524784986421,gyro,-0.15713897,0.07191106,-0.058594197,67442440.57250899,67442440572509.0,161.0
1524784986421,gyro,-0.15713897,0.07191106,-0.058594197,67442450.551757,67442450551757.0,162.0
1524784986451,gyro,-0.14914887,0.06658431,-0.061257567,67442460.317382,67442460317382.0,163.0
1524784986483,gyro,-0.13849537,0.058594197,-0.063920945,67442470.23559499,67442470235595.0,164.0
1524784986483,gyro,-0.12784189,0.05326745,-0.055930823,67442492.26928599,67442492269286.0,165.0
1524784986484,gyro,-0.13050525,0.05326745,-0.055930823,67442500.66161999,67442500661620.0,166.0
1524784986484,gyro,-0.13050525,0.05326745,-0.05326745,67442510.42724499,67442510427245.0,167.0
1524784986511,gyro,-0.10919827,0.04261396,-0.039950587,67442540.364989,67442540364989.0,170.0
1524784986511,gyro,-0.13050525,0.05326745,-0.05060408,67442520.375976,67442520375976.0,168.0
1524784986511,gyro,-0.11985177,0.047940705,-0.045277335,67442530.38574101,67442530385741.0,169.0
1524784986540,gyro,-0.09588141,0.037287217000000004,-0.031960472000000004,67442550.37475501,67442550374755.0,171.0
1524784986541,gyro,-0.087891296,0.034623843,-0.029297099,67442560.323485,67442560323485.0,172.0
1524784986583,gyro,-0.07990117,0.023970352,-0.018643608,67442592.092284,67442592092284.0,174.0
1524784986583,gyro,-0.08256455,0.029297099,-0.023970352,67442570.30273299,67442570302733.0,173.0
1524784986584,gyro,-0.08256455,0.023970352,-0.01065349,67442610.189208,67442610189208.0,176.0
1524784986584,gyro,-0.08256455,0.023970352,-0.013316861999999999,67442601.400146,67442601400146.0,175.0
1524784986611,gyro,-0.087891296,0.018643608,-0.0026633726,67442630.178222,67442630178222.0,178.0
1524784986611,gyro,-0.08522792,0.02130698,-0.005326745,67442620.351562,67442620351562.0,177.0
1524784986611,gyro,-0.09055467,0.018643608,0.0,67442640.126952,67442640126952.0,179.0
1524784986640,gyro,-0.09321803599999999,0.015980236000000002,0.0,67442650.38085799,67442650380858.0,180.0
1524784986673,gyro,-0.09055467,0.015980236000000002,0.0,67442660.23803599,67442660238036.0,181.0
1524784986673,gyro,-0.07191106,0.007990118000000001,0.0026633726,67442681.874999,67442681874999.0,182.0
1524784986673,gyro,-0.061257567,0.0026633726,0.0026633726,67442690.05371,67442690053710.0,183.0
1524784986674,gyro,-0.05326745,0.0026633726,0.005326745,67442700.09399301,67442700093993.0,184.0
1524784986700,gyro,-0.05060408,0.0,0.005326745,67442710.286864,67442710286864.0,185.0
1524784986701,gyro,-0.05060408,0.0,0.005326745,67442719.960937,67442719960937.0,186.0
1524784986701,gyro,-0.05326745,0.0,0.0026633726,67442729.940185,67442729940185.0,187.0
1524784986731,gyro,-0.06658431,0.005326745,0.0,67442749.959716,67442749959716.0,189.0
1524784986731,gyro,-0.061257567,0.0026633726,0.0026633726,67442740.22460799,67442740224608.0,188.0
1524784986773,gyro,-0.06658431,0.015980236000000002,0.0,67442781.270751,67442781270751.0,191.0
1524784986773,gyro,-0.07191106,0.01065349,0.0,67442759.877929,67442759877929.0,190.0
1524784986773,gyro,-0.058594197,0.015980236000000002,-0.0026633726,67442789.815673,67442789815673.0,192.0
1524784986774,gyro,-0.05060408,0.015980236000000002,-0.0026633726,67442799.794921,67442799794921.0,193.0
1524784986800,top,,,,,,
1524784986800,gyro,-0.045277335,0.018643608,-0.0026633726,67442809.530028,67442809530028.0,194.0
1524784986801,gyro,-0.047940705,0.018643608,-0.005326745,67442829.732665,67442829732665.0,196.0
1524784986801,gyro,-0.045277335,0.018643608,-0.0026633726,67442819.84496999,67442819844970.0,195.0
1524784986830,gyro,-0.05060408,0.02130698,-0.007990118000000001,67442840.230712,67442840230712.0,197.0
1524784986863,gyro,-0.05060408,0.015980236000000002,-0.02130698,67442871.267089,67442871267089.0,199.0
1524784986863,gyro,-0.05326745,0.02130698,-0.013316861999999999,67442850.026855,67442850026855.0,198.0
1524784986864,gyro,-0.05060408,0.013316861999999999,-0.029297099,67442879.68994,67442879689940.0,200.0
1524784986864,gyro,-0.05060408,0.01065349,-0.039950587,67442889.638671,67442889638671.0,201.0
1524784986891,gyro,-0.07990117,0.018643608,-0.061257567,67442919.576415,67442919576415.0,204.0
1524784986891,gyro,-0.06658431,0.015980236000000002,-0.055930823,67442909.627685,67442909627685.0,203.0
1524784986891,gyro,-0.055930823,0.013316861999999999,-0.05060408,67442899.465331,67442899465331.0,202.0
1524784986921,gyro,-0.10653489999999999,0.029297099,-0.07191106,67442939.382323,67442939382323.0,206.0
1524784986921,gyro,-0.09588141,0.026633725,-0.06658431,67442929.158935,67442929158935.0,205.0
1524784986963,gyro,-0.111861646,0.031960472000000004,-0.09055467,67442970.4187,67442970418700.0,208.0
1524784986963,gyro,-0.111861646,0.034623843,-0.07723781,67442949.270019,67442949270019.0,207.0
1524784986963,gyro,-0.087891296,0.018643608,-0.09854478400000001,67442989.278564,67442989278564.0,210.0
1524784986963,gyro,-0.10387153,0.026633725,-0.09588141,67442979.299315,67442979299315.0,209.0
1524784986991,gyro,-0.055930823,-0.01065349,-0.09321803599999999,67443019.216308,67443019216308.0,213.0
1524784986991,gyro,-0.055930823,-0.0026633726,-0.09588141,67443009.23706,67443009237060.0,212.0
1524784986991,gyro,-0.069247685,0.007990118000000001,-0.09854478400000001,67442999.013671,67442999013671.0,211.0
1524784987033,gyro,-0.09321803599999999,-0.015980236000000002,-0.09321803599999999,67443039.785155,67443039785155.0,215.0
1524784987033,gyro,-0.11985177,-0.018643608,-0.09321803599999999,67443061.055907,67443061055907.0,216.0
1524784987033,gyro,-0.07191106,-0.013316861999999999,-0.09321803599999999,67443028.92089699,67443028920897.0,214.0
1524784987061,gyro,-0.12784189,-0.02130698,-0.09055467,67443068.83789,67443068837890.0,217.0
1524784987061,gyro,-0.13050525,-0.018643608,-0.087891296,67443079.24438399,67443079244384.0,218.0
1524784987062,gyro,-0.12517852,-0.018643608,-0.08256455,67443089.193114,67443089193114.0,219.0
1524784987091,gyro,-0.111861646,-0.018643608,-0.07723781,67443098.77563399,67443098775634.0,220.0
1524784987091,gyro,-0.09321803599999999,-0.02130698,-0.06658431,67443109.15161,67443109151610.0,221.0
1524784987091,gyro,-0.07191106,-0.026633725,-0.061257567,67443119.13085799,67443119130858.0,222.0
1524784987120,gyro,-0.055930823,-0.034623843,-0.05060408,67443128.713378,67443128713378.0,223.0
1524784987153,gyro,-0.029297099,-0.045277335,-0.02130698,67443169.027099,67443169027099.0,226.0
1524784987153,gyro,-0.039950587,-0.039950587,-0.04261396,67443139.089355,67443139089355.0,224.0
1524784987153,gyro,-0.029297099,-0.045277335,-0.029297099,67443160.604247,67443160604247.0,225.0
1524784987154,gyro,-0.034623843,-0.045277335,-0.013316861999999999,67443179.006347,67443179006347.0,227.0
1524784987181,gyro,-0.05326745,-0.034623843,0.0,67443198.87329,67443198873290.0,229.0
1524784987181,gyro,-0.045277335,-0.04261396,-0.005326745,67443188.58886601,67443188588866.0,228.0
1524784987181,gyro,-0.058594197,-0.029297099,0.005326745,67443208.944091,67443208944091.0,230.0
1524784987210,gyro,-0.055930823,-0.023970352,0.01065349,67443218.52661,67443218526610.0,231.0
1524784987243,gyro,-0.029297099,-0.015980236000000002,0.029297099,67443258.840331,67443258840331.0,234.0
1524784987243,gyro,-0.037287217000000004,-0.018643608,0.023970352,67443250.753173,67443250753173.0,233.0
1524784987243,gyro,-0.05326745,-0.02130698,0.015980236000000002,67443229.63500899,67443229635009.0,232.0
1524784987244,gyro,-0.018643608,-0.013316861999999999,0.037287217000000004,67443268.819579,67443268819579.0,235.0
1524784987271,gyro,0.0,-0.018643608,0.031960472000000004,67443298.635253,67443298635253.0,238.0
1524784987271,gyro,-0.01065349,-0.013316861999999999,0.039950587,67443278.371581,67443278371581.0,236.0
1524784987271,gyro,-0.005326745,-0.015980236000000002,0.037287217000000004,67443288.778075,67443288778075.0,237.0
1524784987300,gyro,0.007990118000000001,-0.018643608,0.029297099,67443308.339843,67443308339843.0,239.0
1524784987300,bottom,,,,,,
1524784987301,gyro,0.013316861999999999,-0.013316861999999999,0.029297099,67443318.715819,67443318715819.0,240.0
1524784987343,gyro,-0.007990118000000001,0.005326745,0.018643608,67443350.515136,67443350515136.0,242.0
1524784987343,gyro,0.01065349,-0.007990118000000001,0.029297099,67443328.66455,67443328664550.0,241.0
1524784987344,gyro,-0.018643608,0.01065349,0.015980236000000002,67443358.602294,67443358602294.0,243.0
1524784987344,gyro,-0.029297099,0.015980236000000002,0.015980236000000002,67443368.581542,67443368581542.0,244.0
1524784987371,gyro,-0.029297099,0.018643608,0.0026633726,67443398.42773299,67443398427733.0,247.0
1524784987371,gyro,-0.034623843,0.018643608,0.007990118000000001,67443388.540038,67443388540038.0,246.0
1524784987371,gyro,-0.034623843,0.018643608,0.013316861999999999,67443378.164062,67443378164062.0,245.0
1524784987400,gyro,-0.018643608,0.018643608,0.0,67443408.101806,67443408101806.0,248.0
1524784987433,gyro,-0.007990118000000001,0.015980236000000002,-0.018643608,67443448.323974,67443448323974.0,251.0
1524784987433,gyro,-0.01065349,0.015980236000000002,-0.005326745,67443419.301757,67443419301757.0,249.0
1524784987433,gyro,-0.005326745,0.015980236000000002,-0.015980236000000002,67443440.755614,67443440755614.0,250.0
1524784987434,gyro,-0.013316861999999999,0.015980236000000002,-0.018643608,67443457.998046,67443457998046.0,252.0
1524784987461,gyro,-0.015980236000000002,0.015980236000000002,-0.018643608,67443467.977294,67443467977294.0,253.0
1524784987461,gyro,-0.018643608,0.013316861999999999,-0.018643608,67443477.956542,67443477956542.0,254.0
1524784987462,gyro,-0.018643608,0.01065349,-0.015980236000000002,67443488.332519,67443488332519.0,255.0
1524784987491,gyro,-0.018643608,0.007990118000000001,-0.013316861999999999,67443498.067626,67443498067626.0,256.0
1524784987491,gyro,-0.015980236000000002,0.007990118000000001,-0.01065349,67443508.291015,67443508291015.0,257.0
1524784987523,gyro,-0.005326745,0.0026633726,-0.0026633726,67443539.541015,67443539541015.0,259.0
1524784987523,gyro,-0.0026633726,0.0,0.0,67443548.208007,67443548208007.0,260.0
1524784987523,gyro,-0.01065349,0.007990118000000001,-0.007990118000000001,67443518.17871,67443518178710.0,258.0
1524784987551,gyro,-0.007990118000000001,0.0,0.0026633726,67443557.76000899,67443557760009.0,261.0
1524784987551,gyro,-0.01065349,0.0,0.005326745,67443568.07495,67443568074950.0,262.0
1524784987551,gyro,-0.01065349,0.0026633726,0.007990118000000001,67443578.023681,67443578023681.0,263.0
1524784987581,gyro,-0.005326745,0.0026633726,0.007990118000000001,67443587.728271,67443587728271.0,264.0
1524784987581,gyro,0.0,0.0026633726,0.01065349,67443597.982177,67443597982177.0,265.0
1524784987613,gyro,0.0026633726,0.0,0.01065349,67443608.05297801,67443608052978.0,266.0
1524784987613,gyro,0.0,0.0,0.01065349,67443637.990722,67443637990722.0,268.0
1524784987613,gyro,0.0,0.0,0.01065349,67443629.659423,67443629659423.0,267.0
1524784987641,gyro,0.007990118000000001,-0.007990118000000001,0.018643608,67443667.836913,67443667836913.0,271.0
1524784987641,gyro,0.0,0.0,0.013316861999999999,67443647.57324101,67443647573241.0,269.0
1524784987641,gyro,0.0026633726,-0.0026633726,0.015980236000000002,67443657.949218,67443657949218.0,270.0
1524784987670,gyro,0.015980236000000002,-0.013316861999999999,0.023970352,67443677.510985,67443677510985.0,272.0
1524784987671,gyro,0.018643608,-0.015980236000000002,0.023970352,67443688.192138,67443688192138.0,273.0
1524784987671,gyro,0.015980236000000002,-0.015980236000000002,0.023970352,67443697.86621,67443697866210.0,274.0
1524784987713,gyro,0.0,-0.013316861999999999,0.034623843,67443728.444823,67443728444823.0,276.0
1524784987713,gyro,0.01065349,-0.013316861999999999,0.026633725,67443707.44873,67443707448730.0,275.0
1524784987714,gyro,0.0,-0.013316861999999999,0.037287217000000004,67443737.783202,67443737783202.0,277.0
1524784987741,gyro,0.01065349,-0.01065349,0.039950587,67443757.741698,67443757741698.0,279.0
1524784987741,gyro,0.0026633726,-0.01065349,0.039950587,67443747.365722,67443747365722.0,278.0
1524784987741,gyro,0.013316861999999999,-0.013316861999999999,0.037287217000000004,67443767.598876,67443767598876.0,280.0
1524784987771,gyro,0.013316861999999999,-0.013316861999999999,0.031960472000000004,67443777.272948,67443777272948.0,281.0
1524784987771,gyro,0.007990118000000001,-0.013316861999999999,0.026633725,67443787.557372,67443787557372.0,282.0
1524784987803,gyro,0.0026633726,-0.01065349,0.02130698,67443797.65869,67443797658690.0,283.0
1524784987803,gyro,-0.0026633726,-0.007990118000000001,0.01065349,67443819.08203,67443819082030.0,284.0
1524784987803,top,,,,,,
1524784987804,gyro,-0.007990118000000001,-0.005326745,0.007990118000000001,67443827.596435,67443827596435.0,285.0
1524784987830,gyro,-0.01065349,-0.0026633726,0.0026633726,67443837.148437,67443837148437.0,286.0
1524784987831,gyro,-0.01065349,0.0,0.0,67443847.524413,67443847524413.0,287.0
1524784987831,gyro,-0.007990118000000001,0.0026633726,-0.0026633726,67443857.50366099,67443857503661.0,288.0
1524784987861,gyro,-0.0026633726,0.0,-0.007990118000000001,67443878.07250899,67443878072509.0,290.0
1524784987861,gyro,-0.0026633726,0.0,-0.005326745,67443867.086181,67443867086181.0,289.0
1524784987861,gyro,-0.0026633726,0.0,-0.007990118000000001,67443887.34985301,67443887349853.0,291.0
1524784987903,gyro,-0.005326745,0.005326745,-0.007990118000000001,67443897.023925,67443897023925.0,292.0
1524784987903,gyro,-0.015980236000000002,0.013316861999999999,-0.013316861999999999,67443918.325194,67443918325194.0,293.0
1524784987904,gyro,-0.018643608,0.015980236000000002,-0.013316861999999999,67443927.35839699,67443927358397.0,294.0
1524784987931,gyro,-0.02130698,0.015980236000000002,-0.01065349,67443936.940917,67443936940917.0,295.0
1524784987931,gyro,-0.02130698,0.013316861999999999,-0.007990118000000001,67443947.316894,67443947316894.0,296.0
1524784987931,gyro,-0.023970352,0.013316861999999999,-0.007990118000000001,67443957.296142,67443957296142.0,297.0
1524784987960,gyro,-0.023970352,0.013316861999999999,-0.007990118000000001,67443966.87866099,67443966878661.0,298.0
1524784987961,gyro,-0.029297099,0.015980236000000002,-0.007990118000000001,67443977.254638,67443977254638.0,299.0
1524784987993,gyro,-0.031960472000000004,0.015980236000000002,-0.007990118000000001,67443987.142333,67443987142333.0,300.0
1524784987993,gyro,-0.026633725,0.018643608,-0.0026633726,67444008.382567,67444008382567.0,301.0
1524784987993,gyro,-0.02130698,0.018643608,-0.0026633726,67444017.04956,67444017049560.0,302.0
1524784988021,gyro,-0.018643608,0.018643608,-0.005326745,67444026.754149,67444026754149.0,303.0
1524784988021,gyro,-0.02130698,0.015980236000000002,-0.005326745,67444037.130126,67444037130126.0,304.0
1524784988021,gyro,-0.026633725,0.015980236000000002,-0.0026633726,67444047.109374,67444047109374.0,305.0
1524784988051,gyro,-0.029297099,0.013316861999999999,-0.0026633726,67444056.661376,67444056661376.0,306.0
1524784988051,gyro,-0.029297099,0.013316861999999999,-0.0026633726,67444067.800292,67444067800292.0,307.0
1524784988051,gyro,-0.018643608,0.01065349,-0.0026633726,67444077.016601,67444077016601.0,308.0
1524784988093,gyro,-0.0026633726,0.0,0.0,67444116.84204,67444116842040.0,311.0
1524784988093,gyro,-0.007990118000000001,0.005326745,-0.005326745,67444086.59911999,67444086599120.0,309.0
1524784988093,gyro,0.0,0.0,-0.0026633726,67444108.815917,67444108815917.0,310.0
1524784988121,gyro,-0.005326745,0.0,0.0,67444136.892089,67444136892089.0,313.0
1524784988121,gyro,-0.007990118000000001,0.0,0.0,67444146.932372,67444146932372.0,314.0
1524784988121,gyro,-0.005326745,0.0,0.0,67444126.516112,67444126516112.0,312.0
1524784988150,gyro,-0.01065349,0.0,0.0,67444156.453856,67444156453856.0,315.0
1524784988151,gyro,-0.015980236000000002,0.0,0.0026633726,67444166.73828,67444166738280.0,316.0
1524784988183,gyro,-0.018643608,0.0026633726,0.0026633726,67444176.809081,67444176809081.0,317.0
1524784988183,gyro,-0.007990118000000001,-0.0026633726,0.0,67444206.746825,67444206746825.0,319.0
1524784988183,gyro,-0.01065349,0.0,0.0,67444198.14086801,67444198140868.0,318.0
1524784988211,gyro,-0.007990118000000001,0.0,0.0,67444226.705321,67444226705321.0,321.0
1524784988211,gyro,-0.007990118000000001,-0.0026633726,0.0,67444216.298827,67444216298827.0,320.0
1524784988211,gyro,-0.013316861999999999,0.0,0.0,67444236.684569,67444236684569.0,322.0
1524784988240,gyro,-0.013316861999999999,0.0026633726,-0.0026633726,67444246.267089,67444246267089.0,323.0
1524784988241,gyro,-0.013316861999999999,0.0026633726,-0.0026633726,67444256.643065,67444256643065.0,324.0
1524784988241,gyro,-0.01065349,0.0026633726,-0.0026633726,67444266.50024301,67444266500243.0,325.0
1524784988283,gyro,-0.0026633726,0.0026633726,-0.0026633726,67444306.539306,67444306539306.0,328.0
1524784988283,gyro,-0.007990118000000001,0.0026633726,0.0,67444297.353515,67444297353515.0,327.0
1524784988283,gyro,-0.01065349,0.0026633726,0.0,67444276.204833,67444276204833.0,326.0
1524784988311,gyro,0.0026633726,-0.0026633726,0.0,67444336.72119,67444336721190.0,331.0
1524784988311,gyro,0.0026633726,0.0,0.0,67444326.375731,67444326375731.0,330.0
1524784988311,gyro,0.0,0.0,-0.0026633726,67444316.304931,67444316304931.0,329.0
1524784988311,bottom,,,,,,
1524784988341,gyro,0.0026633726,0.0,0.0,67444356.405028,67444356405028.0,333.0
1524784988341,gyro,0.0,0.0,0.0,67444366.32324101,67444366323241.0,334.0
1524784988341,gyro,0.0026633726,0.0,0.0,67444346.029052,67444346029052.0,332.0
1524784988373,gyro,-0.0026633726,0.0,0.0,67444375.966796,67444375966796.0,335.0
1524784988401,gyro,-0.013316861999999999,0.0026633726,-0.0026633726,67444409.627685,67444409627685.0,337.0
1524784988401,gyro,-0.007990118000000001,0.0026633726,0.0,67444386.25121999,67444386251220.0,336.0
1524784988401,gyro,-0.007990118000000001,0.0026633726,-0.0026633726,67444416.402587,67444416402587.0,338.0
1524784988402,gyro,-0.005326745,0.0,-0.0026633726,67444426.259765,67444426259765.0,339.0
1524784988430,gyro,-0.0026633726,-0.0026633726,-0.0026633726,67444435.842284,67444435842284.0,340.0
1524784988431,gyro,-0.0026633726,-0.0026633726,-0.0026633726,67444446.218261,67444446218261.0,341.0
1524784988432,gyro,-0.0026633726,0.0,-0.0026633726,67444456.19750899,67444456197509.0,342.0
1524784988461,gyro,0.0,0.0,-0.0026633726,67444465.749511,67444465749511.0,343.0
1524784988461,gyro,0.0026633726,-0.0026633726,-0.0026633726,67444475.759276,67444475759276.0,344.0
1524784988493,gyro,0.007990118000000001,-0.005326745,0.0,67444486.0437,67444486043700.0,345.0
1524784988493,gyro,0.018643608,-0.01065349,0.005326745,67444507.314452,67444507314452.0,346.0
1524784988494,gyro,0.02130698,-0.01065349,0.007990118000000001,67444516.835937,67444516835937.0,347.0
1524784988521,gyro,0.018643608,-0.01065349,0.007990118000000001,67444526.11328,67444526113280.0,348.0
1524784988521,gyro,0.018643608,-0.007990118000000001,0.013316861999999999,67444535.93994,67444535939940.0,349.0
1524784988521,gyro,0.02130698,-0.0026633726,0.026633725,67444545.888671,67444545888671.0,350.0
1524784988550,gyro,0.023970352,0.0,0.045277335,67444555.56274301,67444555562743.0,351.0
1524784988551,gyro,0.031960472000000004,0.0,0.061257567,67444565.847167,67444565847167.0,352.0
1524784988583,gyro,0.08256455,-0.018643608,0.07723781,67444597.28027199,67444597280272.0,354.0
1524784988583,gyro,0.087891296,-0.018643608,0.08256455,67444605.855712,67444605855712.0,355.0
1524784988583,gyro,0.045277335,-0.0026633726,0.06658431,67444575.917968,67444575917968.0,353.0
1524784988611,gyro,0.08522792,-0.015980236000000002,0.087891296,67444615.438231,67444615438231.0,356.0
1524784988611,gyro,0.07723781,-0.01065349,0.09055467,67444625.722655,67444625722655.0,357.0
1524784988611,gyro,0.07191106,-0.005326745,0.09321803599999999,67444635.793456,67444635793456.0,358.0
1524784988640,gyro,0.07191106,-0.0026633726,0.09588141,67444645.375976,67444645375976.0,359.0
1524784988641,gyro,0.069247685,0.0,0.09854478400000001,67444655.751952,67444655751952.0,360.0
1524784988641,gyro,0.069247685,0.0026633726,0.10387153,67444665.63964699,67444665639647.0,361.0
1524784988683,gyro,0.069247685,0.01065349,0.10387153,67444675.31371999,67444675313720.0,362.0
1524784988683,gyro,0.08256455,0.02130698,0.09854478400000001,67444705.892333,67444705892333.0,364.0
1524784988683,gyro,0.07723781,0.02130698,0.10120816,67444696.40136601,67444696401366.0,363.0
1524784988711,gyro,0.087891296,0.023970352,0.09588141,67444725.515136,67444725515136.0,366.0
1524784988711,gyro,0.087891296,0.02130698,0.09588141,67444716.054687,67444716054687.0,365.0
1524784988711,gyro,0.08522792,0.026633725,0.09321803599999999,67444735.49438399,67444735494384.0,367.0
1524784988740,gyro,0.08256455,0.029297099,0.09321803599999999,67444745.168456,67444745168456.0,368.0
1524784988741,gyro,0.08522792,0.031960472000000004,0.09321803599999999,67444755.544433,67444755544433.0,369.0
1524784988772,gyro,0.08522792,0.031960472000000004,0.09321803599999999,67444765.40161,67444765401610.0,370.0
1524784988773,gyro,0.08256455,0.029297099,0.09321803599999999,67444795.461425,67444795461425.0,372.0
1524784988773,gyro,0.08256455,0.029297099,0.09588141,67444786.70288001,67444786702880.0,371.0
1524784988801,gyro,0.08256455,0.018643608,0.07723781,67444825.399169,67444825399169.0,375.0
1524784988801,gyro,0.08256455,0.023970352,0.08256455,67444815.297851,67444815297851.0,374.0
1524784988801,gyro,0.08256455,0.026633725,0.087891296,67444805.013427,67444805013427.0,373.0
1524784988830,gyro,0.08256455,0.013316861999999999,0.07191106,67444834.951171,67444834951171.0,376.0
1524784988830,top,,,,,,
1524784988831,gyro,0.08256455,0.005326745,0.061257567,67444845.32714699,67444845327147.0,377.0
1524784988831,gyro,0.07990117,0.0026633726,0.05326745,67444855.306396,67444855306396.0,378.0
1524784988873,gyro,0.02130698,0.0026633726,0.015980236000000002,67444895.559081,67444895559081.0,381.0
1524784988873,gyro,0.039950587,0.0026633726,0.026633725,67444886.220702,67444886220702.0,380.0
1524784988873,gyro,0.07191106,0.0,0.045277335,67444864.888915,67444864888915.0,379.0
1524784988901,gyro,-0.005326745,0.0,-0.013316861999999999,67444925.161132,67444925161132.0,384.0
1524784988901,gyro,0.0,0.0026633726,-0.0026633726,67444915.090331,67444915090331.0,383.0
1524784988901,gyro,0.007990118000000001,0.0026633726,0.005326745,67444905.721435,67444905721435.0,382.0
1524784988930,gyro,-0.007990118000000001,0.0026633726,-0.018643608,67444934.743651,67444934743651.0,385.0
1524784988931,gyro,-0.007990118000000001,0.0026633726,-0.018643608,67444945.028075,67444945028075.0,386.0
1524784988963,gyro,0.0026633726,-0.013316861999999999,-0.029297099,67444985.219726,67444985219726.0,389.0
1524784988963,gyro,-0.0026633726,-0.005326745,-0.023970352,67444976.461181,67444976461181.0,388.0
1524784988963,gyro,-0.01065349,0.0026633726,-0.018643608,67444955.098876,67444955098876.0,387.0
1524784988991,gyro,0.02130698,-0.023970352,-0.029297099,67445004.903564,67445004903564.0,391.0
1524784988991,gyro,0.013316861999999999,-0.02130698,-0.031960472000000004,67444994.588622,67444994588622.0,390.0
1524784988991,gyro,0.023970352,-0.023970352,-0.023970352,67445014.913329,67445014913329.0,392.0
1524784989021,gyro,0.007990118000000001,-0.02130698,-0.005326745,67445044.790038,67445044790038.0,395.0
1524784989021,gyro,0.013316861999999999,-0.02130698,-0.01065349,67445034.902343,67445034902343.0,394.0
1524784989021,gyro,0.018643608,-0.023970352,-0.018643608,67445024.52636601,67445024526366.0,393.0
1524784989062,gyro,0.0026633726,-0.018643608,0.0,67445054.46411,67445054464110.0,396.0
1524784989063,gyro,-0.013316861999999999,-0.013316861999999999,0.005326745,67445084.920653,67445084920653.0,398.0
1524784989063,gyro,-0.007990118000000001,-0.013316861999999999,0.0026633726,67445075.490722,67445075490722.0,397.0
1524784989091,gyro,0.005326745,-0.015980236000000002,0.013316861999999999,67445114.644774,67445114644774.0,401.0
1524784989091,gyro,-0.007990118000000001,-0.013316861999999999,0.007990118000000001,67445094.38110301,67445094381103.0,399.0
1524784989091,gyro,-0.0026633726,-0.015980236000000002,0.013316861999999999,67445104.665526,67445104665526.0,400.0
1524784989120,gyro,0.01065349,-0.015980236000000002,0.01065349,67445124.318847,67445124318847.0,402.0
1524784989121,gyro,0.007990118000000001,-0.013316861999999999,0.007990118000000001,67445134.603271,67445134603271.0,403.0
1524784989152,gyro,0.0,-0.01065349,0.007990118000000001,67445144.582519,67445144582519.0,404.0
1524784989152,gyro,-0.02130698,0.0,0.007990118000000001,67445166.127929,67445166127929.0,405.0
1524784989153,gyro,-0.029297099,0.0026633726,0.005326745,67445175.008544,67445175008544.0,406.0
1524784989181,gyro,-0.031960472000000004,0.01065349,0.0,67445204.54956,67445204549560.0,409.0
1524784989181,gyro,-0.031960472000000004,0.007990118000000001,0.0026633726,67445194.47875899,67445194478759.0,408.0
1524784989181,gyro,-0.031960472000000004,0.005326745,0.0026633726,67445184.194335,67445184194335.0,407.0
1524784989210,gyro,-0.026633725,0.013316861999999999,0.0,67445214.101562,67445214101562.0,410.0
1524784989211,gyro,-0.013316861999999999,0.015980236000000002,-0.0026633726,67445234.487304,67445234487304.0,412.0
1524784989211,gyro,-0.02130698,0.013316861999999999,-0.0026633726,67445224.508056,67445224508056.0,411.0
1524784989252,gyro,-0.005326745,0.018643608,-0.005326745,67445244.039306,67445244039306.0,413.0
1524784989253,gyro,0.0,0.015980236000000002,-0.007990118000000001,67445265.310058,67445265310058.0,414.0
1524784989253,gyro,0.0,0.013316861999999999,-0.01065349,67445274.648437,67445274648437.0,415.0
1524784989280,gyro,0.0,0.007990118000000001,-0.013316861999999999,67445283.956298,67445283956298.0,416.0
1524784989281,gyro,0.005326745,0.0,-0.01065349,67445304.31152199,67445304311522.0,418.0
1524784989281,gyro,0.0026633726,0.0026633726,-0.013316861999999999,67445294.271239,67445294271239.0,417.0
1524784989311,gyro,0.007990118000000001,-0.005326745,0.0,67445324.178466,67445324178466.0,420.0
1524784989311,gyro,0.005326745,-0.0026633726,-0.005326745,67445313.98559499,67445313985595.0,419.0
1524784989342,gyro,0.013316861999999999,-0.007990118000000001,0.0026633726,67445334.249267,67445334249267.0,421.0
1524784989342,bottom,,,,,,
1524784989343,gyro,0.015980236000000002,-0.01065349,0.015980236000000002,67445355.672606,67445355672606.0,422.0
1524784989343,gyro,0.015980236000000002,-0.01065349,0.018643608,67445364.70581,67445364705810.0,423.0
1524784989371,gyro,0.013316861999999999,-0.013316861999999999,0.023970352,67445384.053954,67445384053954.0,425.0
1524784989371,gyro,0.013316861999999999,-0.018643608,0.026633725,67445394.033202,67445394033202.0,426.0
1524784989371,gyro,0.013316861999999999,-0.01065349,0.023970352,67445373.76953,67445373769530.0,424.0
1524784989400,gyro,0.01065349,-0.018643608,0.029297099,67445403.707274,67445403707274.0,427.0
1524784989401,gyro,0.0026633726,-0.015980236000000002,0.031960472000000004,67445424.062499,67445424062499.0,429.0
1524784989401,gyro,0.005326745,-0.018643608,0.029297099,67445413.991698,67445413991698.0,428.0
1524784989446,gyro,0.0,-0.02130698,0.037287217000000004,67445463.887939,67445463887939.0,432.0
1524784989446,gyro,0.0,-0.013316861999999999,0.034623843,67445433.645019,67445433645019.0,430.0
1524784989446,gyro,0.0,-0.018643608,0.037287217000000004,67445454.641112,67445454641112.0,431.0
1524784989471,gyro,0.007990118000000001,-0.023970352,0.034623843,67445483.846435,67445483846435.0,434.0
1524784989471,gyro,0.005326745,-0.023970352,0.034623843,67445473.562011,67445473562011.0,433.0
1524784989471,gyro,0.007990118000000001,-0.02130698,0.034623843,67445493.917235,67445493917235.0,435.0
1524784989501,gyro,0.0026633726,-0.018643608,0.034623843,67445503.49975501,67445503499755.0,436.0
1524784989501,gyro,0.0,-0.015980236000000002,0.034623843,67445513.784179,67445513784179.0,437.0
1524784989532,gyro,-0.0026633726,-0.007990118000000001,0.029297099,67445545.247802,67445545247802.0,439.0
1524784989532,gyro,-0.0026633726,-0.01065349,0.031960472000000004,67445523.85498,67445523854980.0,438.0
1524784989532,gyro,0.0,-0.005326745,0.026633725,67445554.586181,67445554586181.0,440.0
1524784989560,gyro,0.0,-0.005326745,0.02130698,67445563.344726,67445563344726.0,441.0
1524784989561,gyro,0.0,-0.0026633726,0.018643608,67445573.629149,67445573629149.0,442.0
1524784989561,gyro,-0.0026633726,0.0,0.015980236000000002,67445583.60839699,67445583608397.0,443.0
1524784989591,gyro,-0.005326745,0.007990118000000001,0.01065349,67445603.658446,67445603658446.0,445.0
1524784989591,gyro,-0.005326745,0.0026633726,0.013316861999999999,67445593.28246999,67445593282470.0,444.0
1524784989591,gyro,-0.007990118000000001,0.007990118000000001,0.005326745,67445613.546142,67445613546142.0,446.0
1524784989632,gyro,-0.013316861999999999,0.01065349,0.0,67445623.220214,67445623220214.0,447.0
1524784989632,gyro,-0.023970352,0.015980236000000002,-0.0026633726,67445644.490966,67445644490966.0,448.0
1524784989632,gyro,-0.026633725,0.018643608,-0.005326745,67445653.798827,67445653798827.0,449.0
1524784989661,gyro,-0.023970352,0.018643608,-0.005326745,67445663.137206,67445663137206.0,450.0
1524784989661,gyro,-0.015980236000000002,0.013316861999999999,-0.007990118000000001,67445673.42163001,67445673421630.0,451.0
1524784989661,gyro,-0.005326745,0.01065349,-0.01065349,67445683.400878,67445683400878.0,452.0
1524784989690,gyro,0.0,0.007990118000000001,-0.013316861999999999,67445693.07495,67445693074950.0,453.0
1524784989691,gyro,0.005326745,0.007990118000000001,-0.013316861999999999,67445703.359374,67445703359374.0,454.0
1524784989722,gyro,-0.005326745,0.0026633726,-0.007990118000000001,67445734.700927,67445734700927.0,456.0
1524784989722,gyro,0.0026633726,0.005326745,-0.013316861999999999,67445713.338622,67445713338622.0,455.0
1524784989722,gyro,-0.01065349,0.0026633726,-0.0026633726,67445743.367919,67445743367919.0,457.0
1524784989750,gyro,-0.013316861999999999,0.0026633726,0.0,67445752.919921,67445752919921.0,458.0
1524784989751,gyro,-0.007990118000000001,0.0026633726,0.0,67445763.234862,67445763234862.0,459.0
1524784989751,gyro,-0.0026633726,0.0,0.0026633726,67445773.183593,67445773183593.0,460.0
1524784989781,gyro,0.0026633726,0.0,0.007990118000000001,67445782.888183,67445782888183.0,461.0
1524784989781,gyro,0.013316861999999999,-0.005326745,0.01065349,67445792.867431,67445792867431.0,462.0
1524784989781,gyro,0.02130698,-0.01065349,0.015980236000000002,67445802.81616099,67445802816161.0,463.0
1524784989822,gyro,0.0,-0.007990118000000001,0.018643608,67445842.733153,67445842733153.0,466.0
1524784989822,gyro,0.007990118000000001,-0.01065349,0.018643608,67445832.631835,67445832631835.0,465.0
1524784989822,gyro,0.023970352,-0.013316861999999999,0.018643608,67445812.795409,67445812795409.0,464.0
1524784989822,gyro,-0.007990118000000001,-0.007990118000000001,0.018643608,67445852.742919,67445852742919.0,467.0
1524784989860,top,,,,,,
1524784989860,gyro,-0.01065349,-0.007990118000000001,0.018643608,67445862.722167,67445862722167.0,468.0
1524784989860,gyro,-0.007990118000000001,-0.007990118000000001,0.018643608,67445872.67089699,67445872670897.0,469.0
1524784989861,gyro,0.005326745,-0.013316861999999999,0.015980236000000002,67445892.629394,67445892629394.0,471.0
1524784989861,gyro,0.0,-0.01065349,0.018643608,67445882.650146,67445882650146.0,470.0
1524784989912,gyro,-0.007990118000000001,0.0,0.013316861999999999,67445924.031981,67445924031981.0,473.0
1524784989912,gyro,0.0026633726,-0.013316861999999999,0.013316861999999999,67445902.608642,67445902608642.0,472.0
1524784989912,gyro,-0.007990118000000001,0.005326745,0.029297099,67445942.800292,67445942800292.0,475.0
1524784989912,gyro,-0.01065349,0.0026633726,0.018643608,67445932.546386,67445932546386.0,474.0
1524784989951,gyro,0.007990118000000001,0.0,0.05060408,67445962.48413001,67445962484130.0,477.0
1524784989951,gyro,-0.0026633726,0.0026633726,0.04261396,67445952.504882,67445952504882.0,476.0
1524784989951,gyro,0.029297099,-0.005326745,0.055930823,67445972.43286,67445972432860.0,478.0
1524784989951,gyro,0.05326745,-0.013316861999999999,0.061257567,67445982.442626,67445982442626.0,479.0
1524784989993,gyro,0.07457443,-0.018643608,0.069247685,67445992.421874,67445992421874.0,480.0
1524784989993,gyro,0.087891296,-0.018643608,0.07723781,67446002.797851,67446002797851.0,481.0
1524784990020,gyro,0.09854478400000001,-0.013316861999999999,0.09321803599999999,67446033.559569,67446033559569.0,483.0
1524784990020,gyro,0.09588141,-0.015980236000000002,0.09055467,67446024.038085,67446024038085.0,482.0
1524784990021,gyro,0.09854478400000001,-0.01065349,0.09588141,67446042.59277199,67446042592772.0,484.0
1524784990021,gyro,0.09854478400000001,-0.005326745,0.09854478400000001,67446052.26684499,67446052266845.0,485.0
1524784990061,gyro,0.09321803599999999,-0.0026633726,0.09588141,67446062.398681,67446062398681.0,486.0
1524784990061,gyro,0.08256455,0.0,0.09321803599999999,67446072.622069,67446072622069.0,487.0
1524784990061,gyro,0.06658431,0.007990118000000001,0.09055467,67446082.69286999,67446082692870.0,488.0
1524784990102,gyro,0.055930823,0.013316861999999999,0.08256455,67446092.183837,67446092183837.0,489.0
1524784990102,gyro,0.039950587,0.013316861999999999,0.061257567,67446113.36303599,67446113363036.0,490.0
1524784990102,gyro,0.034623843,0.013316861999999999,0.047940705,67446122.51831,67446122518310.0,491.0
1524784990102,gyro,0.023970352,0.013316861999999999,0.034623843,67446132.34496999,67446132344970.0,492.0
1524784990130,gyro,0.013316861999999999,0.018643608,0.023970352,67446142.20214699,67446142202147.0,493.0
1524784990130,gyro,0.0026633726,0.023970352,0.015980236000000002,67446152.395019,67446152395019.0,494.0
1524784990131,gyro,0.0,0.023970352,0.007990118000000001,67446162.038573,67446162038573.0,495.0
1524784990160,gyro,0.0,0.018643608,0.0,67446172.139892,67446172139892.0,496.0
1524784990161,gyro,0.0,0.015980236000000002,-0.007990118000000001,67446182.424315,67446182424315.0,497.0
1524784990202,gyro,-0.02130698,0.02130698,-0.029297099,67446213.247069,67446213247069.0,499.0
1524784990202,gyro,-0.0026633726,0.015980236000000002,-0.015980236000000002,67446191.976317,67446191976317.0,498.0
1524784990202,gyro,-0.031960472000000004,0.026633725,-0.029297099,67446222.73803599,67446222738036.0,500.0
1524784990203,gyro,-0.039950587,0.029297099,-0.023970352,67446232.01538001,67446232015380.0,501.0
1524784990231,gyro,-0.04261396,0.029297099,-0.013316861999999999,67446242.147216,67446242147216.0,502.0
1524784990231,gyro,-0.026633725,0.013316861999999999,-0.013316861999999999,67446262.166747,67446262166747.0,504.0
1524784990231,gyro,-0.037287217000000004,0.023970352,-0.01065349,67446252.187499,67446252187499.0,503.0
1524784990260,gyro,-0.013316861999999999,0.0026633726,-0.018643608,67446271.932372,67446271932372.0,505.0
1524784990292,gyro,-0.005326745,-0.0026633726,-0.018643608,67446282.155761,67446282155761.0,506.0
1524784990293,gyro,-0.013316861999999999,-0.007990118000000001,-0.0026633726,67446322.011718,67446322011718.0,509.0
1524784990293,gyro,-0.013316861999999999,-0.007990118000000001,-0.007990118000000001,67446312.001952,67446312001952.0,508.0
1524784990293,gyro,-0.01065349,-0.007990118000000001,-0.013316861999999999,67446303.731689,67446303731689.0,507.0
1524784990320,gyro,-0.007990118000000001,-0.01065349,0.0,67446331.777343,67446331777343.0,510.0
1524784990321,gyro,-0.007990118000000001,-0.01065349,0.005326745,67446351.949462,67446351949462.0,512.0
1524784990321,gyro,-0.007990118000000001,-0.013316861999999999,0.0026633726,67446341.970214,67446341970214.0,511.0
1524784990351,gyro,-0.01065349,-0.007990118000000001,0.007990118000000001,67446361.715087,67446361715087.0,513.0
1524784990351,gyro,-0.015980236000000002,-0.005326745,0.007990118000000001,67446371.907958,67446371907958.0,514.0
1524784990392,bottom,,,,,,
1524784990392,gyro,-0.018643608,-0.005326745,0.01065349,67446382.039794,67446382039794.0,515.0
1524784990393,gyro,-0.029297099,0.0,0.01065349,67446421.46850501,67446421468505.0,518.0
1524784990393,gyro,-0.029297099,0.0,0.013316861999999999,67446412.862548,67446412862548.0,517.0
1524784990393,gyro,-0.023970352,-0.0026633726,0.013316861999999999,67446403.585204,67446403585204.0,516.0
1524784990420,gyro,-0.029297099,0.0026633726,0.007990118000000001,67446431.569823,67446431569823.0,519.0
1524784990421,gyro,-0.026633725,0.0026633726,0.0,67446451.83349499,67446451833495.0,521.0
1524784990421,gyro,-0.026633725,0.0026633726,0.0026633726,67446441.762694,67446441762694.0,520.0
1524784990451,gyro,-0.023970352,0.005326745,-0.0026633726,67446461.507567,67446461507567.0,522.0
1524784990482,gyro,-0.023970352,0.01065349,-0.0026633726,67446471.608886,67446471608886.0,523.0
1524784990483,gyro,-0.018643608,0.013316861999999999,-0.007990118000000001,67446511.617431,67446511617431.0,526.0
1524784990483,gyro,-0.02130698,0.013316861999999999,-0.005326745,67446501.760253,67446501760253.0,525.0
1524784990483,gyro,-0.02130698,0.013316861999999999,-0.0026633726,67446493.06274301,67446493062743.0,524.0
1524784990511,gyro,-0.015980236000000002,0.013316861999999999,-0.007990118000000001,67446521.383056,67446521383056.0,527.0
1524784990524,gyro,-0.013316861999999999,0.01065349,-0.01065349,67446531.575927,67446531575927.0,528.0
1524784990524,gyro,-0.01065349,0.01065349,-0.013316861999999999,67446541.555175,67446541555175.0,529.0
1524784990540,gyro,-0.015980236000000002,0.01065349,-0.013316861999999999,67446561.42211801,67446561422118.0,531.0
1524784990540,gyro,-0.01065349,0.01065349,-0.013316861999999999,67446551.290282,67446551290282.0,530.0
1524784990570,gyro,-0.02130698,0.01065349,-0.013316861999999999,67446571.462401,67446571462401.0,532.0
1524784990570,gyro,-0.023970352,0.013316861999999999,-0.01065349,67446582.784423,67446582784423.0,533.0
1524784990570,gyro,-0.023970352,0.013316861999999999,-0.007990118000000001,67446591.359862,67446591359862.0,534.0
1524784990570,gyro,-0.018643608,0.013316861999999999,-0.007990118000000001,67446601.430663,67446601430663.0,535.0
1524784990600,gyro,-0.015980236000000002,0.0026633726,-0.0026633726,67446631.307372,67446631307372.0,538.0
1524784990600,gyro,-0.018643608,0.007990118000000001,-0.005326745,67446611.135253,67446611135253.0,536.0
1524784990600,gyro,-0.015980236000000002,0.0026633726,-0.0026633726,67446621.389159,67446621389159.0,537.0
1524784990630,gyro,-0.015980236000000002,0.0026633726,-0.0026633726,67446641.072997,67446641072997.0,539.0
1524784990663,gyro,-0.018643608,0.0026633726,0.0,67446651.26586801,67446651265868.0,540.0
1524784990663,gyro,-0.018643608,0.0,0.0026633726,67446673.024901,67446673024901.0,541.0
1524784990663,gyro,-0.015980236000000002,0.0,0.005326745,67446682.454833,67446682454833.0,542.0
1524784990664,gyro,-0.013316861999999999,0.0,0.007990118000000001,67446691.213378,67446691213378.0,543.0
1524784990691,gyro,-0.01065349,0.0,0.005326745,67446700.979003,67446700979003.0,544.0
1524784990691,gyro,-0.005326745,0.0,0.005326745,67446711.171874,67446711171874.0,545.0
1524784990691,gyro,-0.0026633726,-0.0026633726,0.005326745,67446721.151122,67446721151122.0,546.0
1524784990721,gyro,-0.0026633726,-0.0026633726,0.005326745,67446730.916747,67446730916747.0,547.0
1524784990753,gyro,-0.007990118000000001,0.0,0.0026633726,67446771.10839699,67446771108397.0,550.0
1524784990753,gyro,-0.005326745,0.0,0.0026633726,67446762.563476,67446762563476.0,549.0
1524784990753,gyro,-0.005326745,0.0,0.005326745,67446741.10961801,67446741109618.0,548.0
1524784990754,gyro,-0.013316861999999999,0.0026633726,0.0026633726,67446781.02661,67446781026610.0,551.0
1524784990780,gyro,-0.018643608,0.007990118000000001,0.0,67446800.985106,67446800985106.0,553.0
1524784990780,gyro,-0.018643608,0.005326745,0.0,67446790.761718,67446790761718.0,552.0
1524784990781,gyro,-0.018643608,0.007990118000000001,0.0,67446810.933837,67446810933837.0,554.0
1524784990811,gyro,-0.013316861999999999,0.007990118000000001,0.0,67446830.922851,67446830922851.0,556.0
1524784990811,gyro,-0.015980236000000002,0.007990118000000001,0.0,67446820.699462,67446820699462.0,555.0
1524784990853,gyro,-0.005326745,0.007990118000000001,-0.0026633726,67446862.294921,67446862294921.0,558.0
1524784990853,gyro,-0.007990118000000001,0.013316861999999999,-0.007990118000000001,67446880.819091,67446880819091.0,560.0
1524784990853,gyro,-0.01065349,0.005326745,0.0,67446840.871581,67446840871581.0,557.0
1524784990853,gyro,-0.007990118000000001,0.01065349,-0.005326745,67446871.602782,67446871602782.0,559.0
1524784990880,gyro,-0.013316861999999999,0.013316861999999999,-0.007990118000000001,67446890.554198,67446890554198.0,561.0
1524784990881,gyro,-0.01065349,0.007990118000000001,-0.01065349,67446910.756835,67446910756835.0,563.0
1524784990881,gyro,-0.013316861999999999,0.01065349,-0.007990118000000001,67446900.747069,67446900747069.0,562.0
1524784990911,gyro,-0.007990118000000001,0.005326745,-0.01065349,67446920.491942,67446920491942.0,564.0
1524784990911,top,,,,,,
1524784990943,gyro,0.0,0.0,-0.0026633726,67446960.622558,67446960622558.0,567.0
1524784990943,gyro,-0.0026633726,0.0026633726,-0.007990118000000001,67446952.077636,67446952077636.0,566.0
1524784990943,gyro,-0.005326745,0.0026633726,-0.01065349,67446930.715331,67446930715331.0,565.0
1524784990944,gyro,0.0,0.0,-0.0026633726,67446970.601806,67446970601806.0,568.0
1524784990970,gyro,0.0026633726,0.0,0.0,67446980.367431,67446980367431.0,569.0
1524784990971,gyro,0.0,0.0,0.0,67447000.53955,67447000539550.0,571.0
1524784990971,gyro,0.0,0.0,0.0,67446990.560302,67446990560302.0,570.0
1524784991001,gyro,-0.005326745,0.0026633726,0.0,67447010.274657,67447010274657.0,572.0
1524784991001,gyro,-0.007990118000000001,0.0026633726,0.0,67447020.498046,67447020498046.0,573.0
1524784991043,gyro,-0.007990118000000001,0.007990118000000001,-0.0026633726,67447060.384521,67447060384521.0,576.0
1524784991043,gyro,-0.007990118000000001,0.007990118000000001,-0.0026633726,67447051.534423,67447051534423.0,575.0
1524784991043,gyro,-0.007990118000000001,0.005326745,0.0,67447030.477294,67447030477294.0,574.0
1524784991044,gyro,-0.01065349,0.007990118000000001,-0.0026633726,67447070.363769,67447070363769.0,577.0
1524784991071,gyro,-0.015980236000000002,0.0026633726,-0.005326745,67447100.301513,67447100301513.0,580.0
1524784991071,gyro,-0.013316861999999999,0.005326745,-0.005326745,67447090.322265,67447090322265.0,579.0
1524784991071,gyro,-0.013316861999999999,0.007990118000000001,-0.005326745,67447080.129394,67447080129394.0,578.0
1524784991101,gyro,-0.013316861999999999,0.0026633726,-0.0026633726,67447110.067138,67447110067138.0,581.0
1524784991133,gyro,-0.007990118000000001,0.0026633726,0.0,67447142.04956,67447142049560.0,583.0
1524784991133,gyro,-0.013316861999999999,0.0026633726,-0.0026633726,67447120.382079,67447120382079.0,582.0
1524784991134,gyro,-0.013316861999999999,0.0026633726,0.0,67447160.360106,67447160360106.0,585.0
1524784991134,gyro,-0.007990118000000001,0.0026633726,0.0,67447150.228271,67447150228271.0,584.0
1524784991161,gyro,-0.02130698,0.005326745,-0.0026633726,67447190.11474499,67447190114745.0,588.0
1524784991161,gyro,-0.02130698,0.005326745,-0.0026633726,67447180.135497,67447180135497.0,587.0
1524784991161,gyro,-0.018643608,0.005326745,0.0,67447169.942626,67447169942626.0,586.0
1524784991191,gyro,-0.007990118000000001,0.0026633726,0.0,67447210.07324101,67447210073241.0,590.0
1524784991191,gyro,-0.015980236000000002,0.005326745,0.0,67447199.88036999,67447199880370.0,589.0
1524784991233,gyro,-0.0026633726,0.0,0.0,67447220.052489,67447220052489.0,591.0
1524784991233,gyro,-0.005326745,0.007990118000000001,-0.005326745,67447259.969481,67447259969481.0,594.0
1524784991233,gyro,0.0,0.0,-0.0026633726,67447241.567382,67447241567382.0,592.0
1524784991233,gyro,-0.0026633726,0.0026633726,-0.005326745,67447249.99023299,67447249990233.0,593.0
1524784991261,gyro,-0.007990118000000001,0.007990118000000001,-0.005326745,67447289.663085,67447289663085.0,597.0
1524784991261,gyro,-0.007990118000000001,0.01065349,-0.005326745,67447279.92797801,67447279927978.0,596.0
1524784991261,gyro,-0.007990118000000001,0.007990118000000001,-0.005326745,67447269.582519,67447269582519.0,595.0
1524784991291,gyro,-0.007990118000000001,0.007990118000000001,-0.005326745,67447310.231933,67447310231933.0,599.0
1524784991291,gyro,-0.007990118000000001,0.007990118000000001,-0.005326745,67447299.520263,67447299520263.0,598.0
1524784991321,gyro,-0.007990118000000001,0.007990118000000001,-0.0026633726,67447327.108153,67447327108153.0,600.0
1524784991322,gyro,0.0,0.005326745,-0.0026633726,67447349.874267,67447349874267.0,603.0
1524784991322,gyro,-0.007990118000000001,0.007990118000000001,-0.0026633726,67447331.411132,67447331411132.0,601.0
1524784991322,gyro,-0.0026633726,0.007990118000000001,-0.0026633726,67447339.742431,67447339742431.0,602.0
1524784991351,gyro,0.0026633726,0.0026633726,-0.0026633726,67447359.517821,67447359517821.0,604.0
1524784991352,gyro,0.0026633726,0.0,-0.0026633726,67447369.77172801,67447369771728.0,605.0
1524784991352,gyro,0.0,0.0,0.0,67447379.842528,67447379842528.0,606.0
1524784991381,gyro,0.0,0.0,0.0026633726,67447399.678954,67447399678954.0,608.0
1524784991381,gyro,0.0,0.0,0.0,67447389.608153,67447389608153.0,607.0
1524784991423,bottom,,,,,,
1524784991423,gyro,-0.0026633726,0.0,0.005326745,67447430.837401,67447430837401.0,610.0
1524784991423,gyro,0.0,0.0,0.0026633726,67447409.627685,67447409627685.0,609.0
1524784991424,gyro,-0.005326745,0.0,0.007990118000000001,67447449.605712,67447449605712.0,612.0
1524784991424,gyro,-0.005326745,0.0,0.007990118000000001,67447439.626464,67447439626464.0,611.0
1524784991451,gyro,0.0,-0.0026633726,0.007990118000000001,67447469.197997,67447469197997.0,614.0
1524784991451,gyro,-0.0026633726,0.0,0.007990118000000001,67447459.218749,67447459218749.0,613.0
1524784991452,gyro,0.0,0.0,0.007990118000000001,67447479.14672801,67447479146728.0,615.0
1524784991481,gyro,0.0,0.0,0.007990118000000001,67447489.431151,67447489431151.0,616.0
1524784991513,gyro,-0.0026633726,0.0,0.0,67447529.256591,67447529256591.0,619.0
1524784991513,gyro,0.0,0.0,0.0026633726,67447521.810302,67447521810302.0,618.0
1524784991513,gyro,0.0,0.0,0.005326745,67447500.020751,67447500020751.0,617.0
1524784991514,gyro,-0.0026633726,0.0,0.0,67447539.235839,67447539235839.0,620.0
1524784991541,gyro,-0.0026633726,0.0026633726,0.0,67447548.970946,67447548970946.0,621.0
1524784991541,gyro,0.0,0.0026633726,0.0,67447569.173583,67447569173583.0,623.0
1524784991541,gyro,0.0,0.0026633726,0.0,67447559.25536999,67447559255370.0,622.0
1524784991571,gyro,0.0,0.0026633726,-0.0026633726,67447589.284667,67447589284667.0,625.0
1524784991571,gyro,0.0,0.0026633726,-0.0026633726,67447578.90869,67447578908690.0,624.0
1524784991613,gyro,0.0,0.005326745,-0.0026633726,67447599.263915,67447599263915.0,626.0
1524784991613,gyro,0.0,0.005326745,-0.0026633726,67447620.900878,67447620900878.0,627.0
1524784991613,gyro,0.0,0.005326745,-0.0026633726,67447629.201659,67447629201659.0,628.0
1524784991614,gyro,0.0,0.0026633726,-0.0026633726,67447639.180907,67447639180907.0,629.0
1524784991641,gyro,0.0,0.0026633726,-0.0026633726,67447648.763427,67447648763427.0,630.0
1524784991641,gyro,-0.0026633726,0.005326745,-0.0026633726,67447659.139403,67447659139403.0,631.0
1524784991641,gyro,-0.0026633726,0.007990118000000001,-0.0026633726,67447669.118651,67447669118651.0,632.0
1524784991670,gyro,0.0,0.007990118000000001,-0.005326745,67447678.701171,67447678701171.0,633.0
1524784991703,gyro,0.0,0.005326745,-0.007990118000000001,67447689.840087,67447689840087.0,634.0
1524784991703,gyro,0.0,0.007990118000000001,-0.007990118000000001,67447711.232909,67447711232909.0,635.0
1524784991703,gyro,-0.0026633726,0.007990118000000001,-0.005326745,67447719.014892,67447719014892.0,636.0
1524784991704,gyro,-0.007990118000000001,0.007990118000000001,-0.005326745,67447728.99414,67447728994140.0,637.0
1524784991731,gyro,-0.007990118000000001,0.007990118000000001,-0.007990118000000001,67447738.546142,67447738546142.0,638.0
1524784991731,gyro,-0.007990118000000001,0.005326745,-0.007990118000000001,67447748.952636,67447748952636.0,639.0
1524784991731,gyro,-0.007990118000000001,0.0026633726,-0.005326745,67447758.809814,67447758809814.0,640.0
1524784991760,gyro,-0.005326745,0.0026633726,-0.0026633726,67447768.575439,67447768575439.0,641.0
1524784991761,gyro,-0.0026633726,0.005326745,-0.0026633726,67447778.76831,67447778768310.0,642.0
1524784991803,gyro,-0.0026633726,0.005326745,-0.0026633726,67447788.83911,67447788839110.0,643.0
1524784991804,gyro,-0.0026633726,0.007990118000000001,0.0,67447828.75610301,67447828756103.0,646.0
1524784991804,gyro,-0.005326745,0.007990118000000001,0.0,67447818.776855,67447818776855.0,645.0
1524784991804,gyro,-0.005326745,0.005326745,0.0,67447810.53710799,67447810537108.0,644.0
1524784991831,gyro,0.0,0.005326745,-0.0026633726,67447848.714599,67447848714599.0,648.0
1524784991831,gyro,0.0,0.0026633726,-0.0026633726,67447858.602294,67447858602294.0,649.0
1524784991831,gyro,0.0,0.007990118000000001,0.0,67447838.338622,67447838338622.0,647.0
1524784991863,gyro,-0.0026633726,0.0026633726,-0.0026633726,67447868.27636601,67447868276366.0,650.0
1524784991891,gyro,0.0,0.0,-0.005326745,67447900.136718,67447900136718.0,652.0
1524784991891,gyro,-0.005326745,0.0026633726,-0.0026633726,67447878.56079,67447878560790.0,651.0
1524784991892,gyro,-0.0026633726,-0.0026633726,-0.005326745,67447918.569335,67447918569335.0,654.0
1524784991892,gyro,0.0,0.0,-0.005326745,67447908.498534,67447908498534.0,653.0
1524784991920,gyro,-0.007990118000000001,0.0,-0.0026633726,67447928.151855,67447928151855.0,655.0
1524784991921,gyro,-0.01065349,0.0026633726,0.0,67447938.527831,67447938527831.0,656.0
1524784991921,gyro,-0.01065349,0.005326745,0.0,67447948.507079,67447948507079.0,657.0
1524784991951,gyro,-0.007990118000000001,0.0026633726,0.0,67447968.465575,67447968465575.0,659.0
1524784991951,gyro,-0.007990118000000001,0.005326745,0.0,67447958.333739,67447958333739.0,658.0
1524784991951,top,,,,,,
1524784991993,gyro,-0.01065349,0.0026633726,0.0,67447978.383788,67447978383788.0,660.0
1524784991993,gyro,-0.018643608,0.005326745,-0.005326745,67448000.020751,67448000020751.0,661.0
1524784991994,gyro,-0.018643608,0.0026633726,-0.013316861999999999,67448018.331298,67448018331298.0,663.0
1524784991994,gyro,-0.018643608,0.005326745,-0.007990118000000001,67448008.260497,67448008260497.0,662.0
1524784992021,gyro,-0.029297099,0.007990118000000001,-0.029297099,67448048.269042,67448048269042.0,666.0
1524784992021,gyro,-0.023970352,0.0026633726,-0.026633725,67448038.289794,67448038289794.0,665.0
1524784992021,gyro,-0.02130698,0.0026633726,-0.018643608,67448027.913817,67448027913817.0,664.0
1524784992053,gyro,-0.031960472000000004,0.01065349,-0.031960472000000004,67448057.851562,67448057851562.0,667.0
1524784992081,gyro,-0.047940705,0.015980236000000002,-0.055930823,67448108.05297801,67448108052978.0,671.0
1524784992081,gyro,-0.05060408,0.015980236000000002,-0.05060408,67448098.165282,67448098165282.0,670.0
1524784992081,gyro,-0.047940705,0.013316861999999999,-0.047940705,67448089.92553599,67448089925536.0,669.0
1524784992081,gyro,-0.034623843,0.013316861999999999,-0.037287217000000004,67448068.227538,67448068227538.0,668.0
1524784992111,gyro,-0.04261396,0.013316861999999999,-0.061257567,67448128.011474,67448128011474.0,673.0
1524784992111,gyro,-0.045277335,0.013316861999999999,-0.058594197,67448117.72705,67448117727050.0,672.0
1524784992111,gyro,-0.04261396,0.01065349,-0.061257567,67448138.082274,67448138082274.0,674.0
1524784992141,gyro,-0.04261396,0.01065349,-0.061257567,67448148.122558,67448148122558.0,675.0
1524784992141,gyro,-0.04261396,0.01065349,-0.058594197,67448157.9187,67448157918700.0,676.0
1524784992171,gyro,-0.039950587,0.007990118000000001,-0.058594197,67448168.020019,67448168020019.0,677.0
1524784992171,gyro,-0.034623843,0.007990118000000001,-0.05326745,67448189.901122,67448189901122.0,678.0
1524784992172,gyro,-0.034623843,0.007990118000000001,-0.05060408,67448197.86621,67448197866210.0,679.0
1524784992201,gyro,-0.034623843,0.007990118000000001,-0.05060408,67448207.509765,67448207509765.0,680.0
1524784992201,gyro,-0.031960472000000004,0.007990118000000001,-0.047940705,67448217.824706,67448217824706.0,681.0
1524784992201,gyro,-0.026633725,0.0026633726,-0.045277335,67448227.773437,67448227773437.0,682.0
1524784992230,gyro,-0.02130698,0.0026633726,-0.039950587,67448237.44750899,67448237447509.0,683.0
1524784992231,gyro,-0.018643608,0.0,-0.034623843,67448247.854003,67448247854003.0,684.0
1524784992263,gyro,-0.0026633726,0.0,-0.02130698,67448287.648925,67448287648925.0,687.0
1524784992263,gyro,-0.007990118000000001,0.0,-0.023970352,67448278.737792,67448278737792.0,686.0
1524784992263,gyro,-0.013316861999999999,0.0,-0.029297099,67448257.711181,67448257711181.0,685.0
1524784992291,gyro,-0.0026633726,0.0,-0.018643608,67448297.322997,67448297322997.0,688.0
1524784992291,gyro,-0.013316861999999999,0.0,-0.01065349,67448317.678222,67448317678222.0,690.0
1524784992291,gyro,-0.007990118000000001,0.0,-0.015980236000000002,67448307.607421,67448307607421.0,689.0
1524784992321,gyro,-0.0026633726,0.0,-0.0026633726,67448338.338622,67448338338622.0,692.0
1524784992321,gyro,-0.01065349,0.0,-0.007990118000000001,67448327.26074101,67448327260741.0,691.0
1524784992321,gyro,0.0,-0.0026633726,0.0,67448347.615966,67448347615966.0,693.0
1524784992363,gyro,0.007990118000000001,-0.007990118000000001,0.0,67448357.473144,67448357473144.0,694.0
1524784992363,gyro,0.007990118000000001,-0.0026633726,0.0,67448387.532958,67448387532958.0,696.0
1524784992363,gyro,0.007990118000000001,-0.005326745,0.0,67448378.49975501,67448378499755.0,695.0
1524784992391,gyro,-0.01065349,0.0026633726,0.0,67448417.470702,67448417470702.0,699.0
1524784992391,gyro,0.0,0.0,0.0,67448407.430419,67448407430419.0,698.0
1524784992391,gyro,0.0026633726,0.0,0.0,67448397.11547801,67448397115478.0,697.0
1524784992420,gyro,-0.015980236000000002,0.005326745,0.0,67448427.053222,67448427053222.0,700.0
1524784992421,gyro,-0.013316861999999999,0.007990118000000001,-0.0026633726,67448437.429198,67448437429198.0,701.0
1524784992453,bottom,,,,,,
1524784992453,gyro,-0.007990118000000001,0.005326745,-0.005326745,67448447.408446,67448447408446.0,702.0
1524784992453,gyro,0.0,0.0026633726,-0.01065349,67448468.557128,67448468557128.0,703.0
1524784992454,gyro,0.0,0.005326745,-0.013316861999999999,67448476.949462,67448476949462.0,704.0
1524784992481,gyro,0.0,0.007990118000000001,-0.013316861999999999,67448486.92871,67448486928710.0,705.0
1524784992481,gyro,0.0,0.007990118000000001,-0.013316861999999999,67448497.304687,67448497304687.0,706.0
1524784992481,gyro,0.0,0.007990118000000001,-0.013316861999999999,67448507.161864,67448507161864.0,707.0
1524784992510,gyro,0.0,0.007990118000000001,-0.013316861999999999,67448516.835937,67448516835937.0,708.0
1524784992511,gyro,0.0,0.007990118000000001,-0.013316861999999999,67448528.035888,67448528035888.0,709.0
1524784992511,gyro,0.0,0.007990118000000001,-0.01065349,67448537.09960799,67448537099608.0,710.0
1524784992553,gyro,0.0,0.007990118000000001,-0.007990118000000001,67448546.773681,67448546773681.0,711.0
1524784992553,gyro,0.0,0.0026633726,-0.007990118000000001,67448567.739257,67448567739257.0,712.0
1524784992554,gyro,0.0,0.0,-0.007990118000000001,67448577.016601,67448577016601.0,713.0
1524784992580,gyro,0.0,0.0,-0.007990118000000001,67448586.690673,67448586690673.0,714.0
1524784992581,gyro,-0.0026633726,0.0026633726,-0.005326745,67448607.13745,67448607137450.0,716.0
1524784992581,gyro,-0.0026633726,0.0,-0.005326745,67448597.066649,67448597066649.0,715.0
1524784992610,gyro,-0.0026633726,0.0,-0.005326745,67448616.628417,67448616628417.0,717.0
1524784992611,gyro,0.0,0.0,-0.0026633726,67448626.912841,67448626912841.0,718.0
1524784992643,gyro,0.0,0.0,-0.0026633726,67448666.921386,67448666921386.0,721.0
1524784992643,gyro,0.0,0.0,0.0,67448658.315429,67448658315429.0,720.0
1524784992643,gyro,0.0,0.0,-0.0026633726,67448637.014159,67448637014159.0,719.0
1524784992670,gyro,-0.0026633726,-0.0026633726,-0.013316861999999999,67448676.503905,67448676503905.0,722.0
1524784992671,gyro,-0.013316861999999999,-0.0026633726,-0.039950587,67448696.85913001,67448696859130.0,724.0
1524784992671,gyro,-0.007990118000000001,-0.005326745,-0.026633725,67448686.879882,67448686879882.0,723.0
1524784992700,gyro,-0.026633725,0.0026633726,-0.05060408,67448706.411132,67448706411132.0,725.0
1524784992701,gyro,-0.06658431,0.013316861999999999,-0.07457443,67448726.674804,67448726674804.0,727.0
1524784992701,gyro,-0.045277335,0.007990118000000001,-0.061257567,67448716.817626,67448716817626.0,726.0
1524784992702,end,,,,,,
