1524784010046,begin 1000,,,,,,
1524784010047,top,,,,,,
1524784010047,gyro,-6.1044497,2.3357778,-0.30895123,66466050.710448,66466050710448.0,0.0
1524784010082,gyro,-6.820897,2.6340754,0.08522792,66466098.714598,66466098714598.0,3.0
1524784010082,gyro,-7.076581,2.602115,0.037287217000000004,66466091.817626,66466091817626.0,2.0
1524784010082,gyro,-7.084571,2.559501,-0.026633725,66466086.660155006,66466086660155.0,1.0
1524784010082,gyro,-6.3335,2.6394022,0.13316862,66466108.876952,66466108876952.0,4.0
1524784010112,gyro,-4.7993974999999995,2.4929167999999997,0.25568378,66466128.164060995,66466128164061.0,6.0
1524784010112,gyro,-5.64635,2.5967882,0.19176282,66466117.879637,66466117879637.0,5.0
1524784010113,gyro,-3.8192763,2.330451,0.32759482,66466138.143309,66466138143309.0,7.0
1524784010142,gyro,-1.672598,1.9469253,0.43945646,66466158.132323,66466158132323.0,9.0
1524784010142,gyro,-0.6711699000000001,1.7738061,0.44478320000000005,66466168.111571,66466168111571.0,10.0
1524784010142,gyro,-2.7539272,2.138688,0.39417914,66466147.81738199,66466147817382.0,8.0
1524784010183,gyro,0.18643607,1.6246573,0.41015938,66466177.755126,66466177755126.0,11.0
1524784010183,gyro,0.87624955,1.4888252,0.35156518,66466192.556151,66466192556151.0,12.0
1524784010184,gyro,1.4249043,1.3476665,0.28764424,66466197.713622,66466197713622.0,13.0
1524784010184,gyro,1.8909945,1.1798741000000001,0.23437679,66466207.69287,66466207692870.0,14.0
1524784010212,gyro,2.3597481,0.9774577,0.18643607,66466217.67211801,66466217672118.0,15.0
1524784010213,gyro,2.887096,0.74041754,0.13583199999999998,66466227.681884,66466227681884.0,16.0
1524784010213,gyro,3.4757010000000004,0.5060408,0.07457443,66466237.66113199,66466237661132.0,17.0
1524784010242,gyro,4.0270195,0.32493144,0.005326745,66466247.64038,66466247640380.0,18.0
1524784010242,gyro,4.3998914000000005,0.22905004,-0.045277335,66466257.619628005,66466257619628.0,19.0
1524784010273,gyro,4.4558225,0.19442620000000002,-0.061257567,66466267.568358,66466267568358.0,20.0
1524784010273,gyro,4.133554,0.18110934,-0.023970352,66466282.491454005,66466282491454.0,21.0
1524784010273,gyro,3.4490674,0.16512910000000003,0.06658431,66466287.526854,66466287526854.0,22.0
1524784010273,gyro,2.4849267000000004,0.14914887,0.20774306,66466298.42163,66466298421630.0,23.0
1524784010302,gyro,1.3529931999999998,0.13316862,0.35422856,66466307.48535,66466307485350.0,24.0
1524784010303,gyro,0.20507969,0.10919827,0.45810008,66466317.464598,66466317464598.0,25.0
1524784010303,gyro,-0.7830315,0.069247685,0.48739716,66466327.474364005,66466327474364.0,26.0
1524784010333,gyro,-1.4462113,0.013316861999999999,0.45010996,66466337.453612,66466337453612.0,27.0
1524784010333,gyro,-1.6592811,-0.069247685,0.38352564,66466347.432859994,66466347432860.0,28.0
1524784010333,gyro,-1.3609833999999998,-0.20507969,0.3009611,66466363.912352,66466363912352.0,29.0
1524784010363,gyro,-0.56729835,-0.39684250000000004,0.21040644,66466368.032225,66466368032225.0,30.0
1524784010363,gyro,0.63388264,-0.6152390999999999,0.11452502,66466377.492675,66466377492675.0,31.0
1524784010363,gyro,2.0934107,-0.83097225,0.02130698,66466387.62451,66466387624510.0,32.0
1524784010392,gyro,3.5982163000000003,-1.0280617,-0.05060408,66466397.29858299,66466397298583.0,33.0
1524784010393,gyro,4.9272394,-1.2038444,-0.10387153,66466407.613524,66466407613524.0,34.0
1524784010394,gyro,5.9180136,-1.3556566,-0.1464855,66466417.562255,66466417562255.0,35.0
1524784010422,gyro,6.4879755999999995,-1.4728451,-0.17311922,66466427.236327,66466427236327.0,36.0
1524784010429,gyro,6.653105,-1.5474194,-0.17578259,66466437.551268004,66466437551268.0,37.0
1524784010453,gyro,6.498629,-1.5820433,-0.1464855,66466447.499999,66466447499999.0,38.0
1524784010453,gyro,5.7715282,-1.5713898000000002,0.018643608,66466468.831786,66466468831786.0,39.0
1524784010453,gyro,5.446597,-1.5607363,0.1464855,66466477.407225,66466477407225.0,40.0
1524784010482,gyro,5.2574973,-1.566063,0.28498086,66466487.14233299,66466487142333.0,41.0
1524784010482,gyro,5.212219999999999,-1.5767165,0.41015938,66466497.365720995,66466497365721.0,42.0
1524784010482,gyro,5.2734776,-1.5740531999999998,0.5140309000000001,66466507.406005,66466507406005.0,43.0
1524784010512,gyro,5.366696,-1.5527461999999999,0.60724896,66466517.01904201,66466517019042.0,44.0
1524784010513,gyro,5.4226265,-1.5154590000000001,0.68448675,66466527.30346601,66466527303466.0,45.0
1524784010543,gyro,5.2654877,-1.3636466999999999,0.83097225,66466558.645018004,66466558645018.0,47.0
1524784010543,gyro,5.19624,-1.3183694,0.8709228000000001,66466567.617185995,66466567617186.0,48.0
1524784010543,gyro,5.411973000000001,-1.4701817,0.74840766,66466537.282714,66466537282714.0,46.0
1524784010573,bottom,,,,,,
1524784010573,gyro,5.1456356,-1.294399,0.9108734,66466576.955565006,66466576955565.0,49.0
1524784010574,gyro,5.049754,-1.2864089,0.950824,66466597.158202,66466597158202.0,51.0
1524784010574,gyro,5.1003585,-1.2864089,0.9401705,66466587.48413,66466587484130.0,50.0
1524784010612,gyro,4.97518,-1.2997258,0.9534874,66466606.832274,66466606832274.0,52.0
1524784010613,gyro,4.881962000000001,-1.3130426000000002,0.9747943000000001,66466617.14721601,66466617147216.0,53.0
1524784010614,gyro,4.7780905,-1.3103793,1.0360519,66466627.095946,66466627095946.0,54.0
1524784010643,gyro,4.3546143,-1.1345967,1.4302311,66466658.040769994,66466658040770.0,56.0
1524784010643,gyro,4.0643067,-1.0333885,1.5767165,66466666.982420996,66466666982421.0,57.0
1524784010643,gyro,4.6715555,-1.2810822,1.1399235,66466636.770018004,66466636770018.0,55.0
1524784010672,gyro,3.659474,-0.9215269,1.6992317,66466676.65649301,66466676656493.0,58.0
1524784010672,gyro,3.1614232,-0.814992,1.7924497,66466686.666259,66466686666259.0,59.0
1524784010673,gyro,2.623422,-0.7191105999999999,1.8537073,66466696.95068199,66466696950682.0,60.0
1524784010702,gyro,2.1227077999999997,-0.64453614,1.880341,66466706.624755,66466706624755.0,61.0
1524784010703,gyro,1.7152119,-0.5912687,1.880341,66466716.909178,66466716909178.0,62.0
1524784010735,gyro,1.4302311,-0.5539814999999999,1.8616973999999997,66466726.888426,66466726888426.0,63.0
1524784010736,gyro,1.1638938,-0.49805066,1.8190834999999999,66466748.189696,66466748189696.0,64.0
1524784010736,gyro,1.1212798000000002,-0.48207045,1.8057666,66466757.558593005,66466757558593.0,65.0
1524784010763,gyro,1.1079629999999998,-0.47141695,1.7924497,66466766.50024301,66466766500243.0,66.0
1524784010764,gyro,1.0653489999999999,-0.5300111,1.7232020000000001,66466796.407469,66466796407469.0,69.0
1524784010764,gyro,1.1079629999999998,-0.47408032,1.7791328000000002,66466781.728514,66466781728514.0,67.0
1524784010764,gyro,1.0999728000000002,-0.49272390000000005,1.7604892,66466786.733397,66466786733397.0,68.0
1524784010812,gyro,1.0014280999999998,-0.585942,1.6486276000000002,66466806.508788,66466806508788.0,70.0
1524784010813,gyro,0.7004670000000001,-0.69247687,1.1585671,66466846.273192,66466846273192.0,74.0
1524784010813,gyro,0.836299,-0.70313036,1.3902805,66466826.345214,66466826345214.0,72.0
1524784010813,gyro,0.9215269,-0.65252626,1.5314392,66466816.671141006,66466816671141.0,71.0
1524784010813,gyro,0.75906116,-0.7191105999999999,1.2597752,66466841.23779201,66466841237792.0,73.0
1524784010843,gyro,0.6658430999999999,-0.63388264,1.1026361999999998,66466856.28295799,66466856282958.0,75.0
1524784010843,gyro,0.6605164000000001,-0.55664486,1.0839926000000002,66466866.292723,66466866292723.0,76.0
1524784010843,gyro,0.69247687,-0.48207045,1.1052996000000002,66466876.241454005,66466876241454.0,77.0
1524784010892,gyro,0.75107104,-0.4181495,1.150577,66466886.251219,66466886251219.0,78.0
1524784010893,gyro,0.80966526,-0.37553552,1.1958543,66466896.230468005,66466896230468.0,79.0
1524784010893,gyro,0.8469525,-0.3489018,1.2091712,66466906.179198,66466906179198.0,80.0
1524784010924,gyro,0.8469525,-0.34623843,1.1532403,66466916.158446,66466916158446.0,81.0
1524784010925,gyro,0.74041754,-0.37020877,0.85760593,66466936.177977,66466936177977.0,82.0
1524784010932,gyro,0.6498629,-0.38352564,0.6898135,66466947.011718005,66466947011718.0,83.0
1524784010952,gyro,0.4660902,-0.38086227,0.45010996,66466966.054685995,66466966054686.0,85.0
1524784010952,gyro,0.40483263,-0.37553552,0.37020877,66466976.033934,66466976033934.0,86.0
1524784010952,gyro,0.5539814999999999,-0.386189,0.5513180999999999,66466956.075438,66466956075438.0,84.0
1524784010952,gyro,0.38086227,-0.38352564,0.29829773,66466985.982665,66466985982665.0,87.0
1524784010982,gyro,0.38086227,-0.39684250000000004,0.23171341,66466996.419676,66466996419676.0,88.0
1524784010982,gyro,0.37553552,-0.40216926,0.17578259,66467005.941161,66467005941161.0,89.0
1524784011025,gyro,0.3489018,-0.386189,0.13583199999999998,66467016.011962,66467016011962.0,90.0
1524784011026,gyro,0.292971,-0.3489018,0.11452502,66467032.88818199,66467032888182.0,91.0
1524784011026,gyro,0.23171341,-0.29563436,0.10387153,66467038.625487,66467038625487.0,92.0
1524784011026,gyro,0.17844597,-0.25035703,0.09854478400000001,66467046.163329005,66467046163329.0,93.0
1524784011052,gyro,0.15181224,-0.22105992,0.10120816,66467056.32568199,66467056325682.0,94.0
1524784011053,gyro,0.14115874,-0.20507969,0.12517852,66467076.13159101,66467076131591.0,96.0
1524784011053,gyro,0.14382212,-0.20774306,0.10919827,66467066.152343005,66467066152343.0,95.0
1524784011082,gyro,0.13050525,-0.20507969,0.1464855,66467085.805663,66467085805663.0,97.0
1524784011082,top,,,,,,
1524784011083,gyro,0.10653489999999999,-0.19708957,0.16779247,66467096.090087,66467096090087.0,98.0
1524784011114,gyro,0.07191106,-0.18643607,0.17311922,66467106.069335,66467106069335.0,99.0
1524784011115,gyro,-0.0026633726,-0.16779247,0.1464855,66467127.614745,66467127614745.0,100.0
1524784011115,gyro,-0.029297099,-0.16512910000000003,0.12784189,66467135.976560995,66467135976561.0,101.0
1524784011142,gyro,-0.045277335,-0.16779247,0.117188394,66467145.650634,66467145650634.0,102.0
1524784011143,gyro,-0.047940705,-0.17311922,0.11452502,66467155.965575,66467155965575.0,103.0
1524784011143,gyro,-0.05060408,-0.17045584,0.111861646,66467165.914305,66467165914305.0,104.0
1524784011172,gyro,-0.06658431,-0.15713897,0.10653489999999999,66467175.588378005,66467175588378.0,105.0
1524784011172,gyro,-0.09854478400000001,-0.13050525,0.09321803599999999,66467185.872801,66467185872801.0,106.0
1524784011173,gyro,-0.13849537,-0.09321803599999999,0.07191106,66467195.943602,66467195943602.0,107.0
1524784011224,gyro,-0.13050525,0.08256455,-0.087891296,66467235.76904201,66467235769042.0,110.0
1524784011224,gyro,-0.17311922,0.045277335,-0.05326745,66467226.491698,66467226491698.0,109.0
1524784011224,gyro,-0.17311922,-0.047940705,0.034623843,66467205.526122,66467205526122.0,108.0
1524784011225,gyro,-0.07191106,0.10919827,-0.10919827,66467245.443114005,66467245443114.0,111.0
1524784011252,gyro,0.0,0.13050525,-0.117188394,66467265.706786,66467265706786.0,113.0
1524784011252,gyro,-0.018643608,0.122515135,-0.117188394,66467255.422362,66467255422362.0,112.0
1524784011253,gyro,-0.013316861999999999,0.13316862,-0.111861646,66467275.686033994,66467275686034.0,114.0
1524784011284,gyro,-0.061257567,0.13050525,-0.117188394,66467285.360106006,66467285360106.0,115.0
1524784011284,gyro,-0.122515135,0.11452502,-0.14115874,66467295.644530006,66467295644530.0,116.0
1524784011312,gyro,-0.26900062,0.06658431,-0.22638667,66467316.976317,66467316976317.0,117.0
1524784011312,gyro,-0.3489018,0.061257567,-0.24769364,66467325.582274,66467325582274.0,118.0
1524784011313,gyro,-0.42347625,0.08522792,-0.22638667,66467335.531005,66467335531005.0,119.0
1524784011342,gyro,-0.4767437,0.13050525,-0.17578259,66467345.235594,66467345235594.0,120.0
1524784011342,gyro,-0.4953873,0.17578259,-0.10653489999999999,66467355.520018004,66467355520018.0,121.0
1524784011343,gyro,-0.4767437,0.20241632,-0.029297099,66467365.590818994,66467365590819.0,122.0
1524784011373,gyro,-0.44478320000000005,0.20507969,0.05060408,66467375.173339,66467375173339.0,123.0
1524784011373,gyro,-0.41282275,0.18377271,0.13583199999999998,66467385.457762,66467385457762.0,124.0
1524784011404,gyro,-0.5513180999999999,-0.029297099,0.24769364,66467426.564940006,66467426564940.0,127.0
1524784011404,gyro,-0.407496,0.1464855,0.21573317,66467395.528563,66467395528563.0,125.0
1524784011404,gyro,-0.48739716,0.034623843,0.2823175,66467417.073973,66467417073973.0,126.0
1524784011432,gyro,-0.61790246,-0.07457443,0.19176282,66467435.018309,66467435018309.0,128.0
1524784011432,gyro,-0.6818234000000001,-0.069247685,0.17045584,66467445.302733,66467445302733.0,129.0
1524784011433,gyro,-0.7377541999999999,-0.015980236000000002,0.21839654,66467455.281981006,66467455281981.0,130.0
1524784011462,gyro,-0.78036815,0.047940705,0.34091170000000004,66467464.956053,66467464956053.0,131.0
1524784011462,gyro,-0.80167514,0.09588141,0.50071406,66467475.240477,66467475240477.0,132.0
1524784011494,gyro,-0.7856949000000001,0.10387153,0.657853,66467485.219725,66467485219725.0,133.0
1524784011494,gyro,-0.6685065,0.013316861999999999,0.85494256,66467506.551512,66467506551512.0,134.0
1524784011494,gyro,-0.6045856,-0.047940705,0.87624955,66467515.249022,66467515249022.0,135.0
1524784011522,gyro,-0.5726251,-0.11452502,0.85760593,66467524.83154201,66467524831542.0,136.0
1524784011522,gyro,-0.585942,-0.18110934,0.8070019,66467535.11596601,66467535115966.0,137.0
1524784011523,gyro,-0.66317976,-0.24503027,0.74840766,66467545.186766006,66467545186766.0,138.0
1524784011552,gyro,-0.8043385000000001,-0.29563436,0.6898135,66467554.769286,66467554769286.0,139.0
1524784011552,gyro,-0.9854478000000001,-0.33025820000000006,0.6365460000000001,66467565.05371,66467565053710.0,140.0
1524784011553,gyro,-1.150577,-0.3489018,0.58860534,66467575.03295799,66467575032958.0,141.0
1524784011593,bottom,,,,,,
1524784011593,gyro,-1.243795,-0.35955529999999997,0.5406645999999999,66467584.676512,66467584676512.0,142.0
1524784011594,gyro,-1.1638938,-0.36488205,0.42081288,66467605.977781996,66467605977782.0,143.0
1524784011594,gyro,-1.0573589,-0.34357506,0.35156518,66467615.010984994,66467615010985.0,144.0
1524784011622,gyro,-0.97213095,-0.30628785,0.29563436,66467624.593505,66467624593505.0,145.0
1524784011622,gyro,-0.9401705,-0.2530204,0.26900062,66467634.877928,66467634877928.0,146.0
1524784011623,gyro,-0.9614775,-0.19442620000000002,0.27432737,66467644.948729,66467644948729.0,147.0
1524784011652,gyro,-1.0040915000000001,-0.14115874,0.28764424,66467654.744872,66467654744872.0,148.0
1524784011656,gyro,-1.0387152,-0.09854478400000001,0.292971,66467664.632567,66467664632567.0,149.0
1524784011684,gyro,-1.0387152,-0.14382212,-0.01065349,66467704.76318199,66467704763182.0,152.0
1524784011684,gyro,-1.0493687,-0.10653489999999999,0.10120816,66467696.767577,66467696767577.0,151.0
1524784011684,gyro,-1.0546955,-0.07723781,0.26633725,66467674.794920996,66467674794921.0,150.0
1524784011712,gyro,-0.8895664000000001,-0.22105992,-0.20507969,66467724.691161,66467724691161.0,154.0
1524784011712,gyro,-0.70579374,-0.25834712,-0.27432737,66467734.670408994,66467734670409.0,155.0
1524784011712,gyro,-0.9987647,-0.18377271,-0.117188394,66467714.406737,66467714406737.0,153.0
1524784011742,gyro,-0.47141695,-0.29829773,-0.34623843,66467744.344481006,66467744344481.0,156.0
1524784011742,gyro,-0.2423669,-0.33558494,-0.42880297,66467754.628905006,66467754628905.0,157.0
1524784011743,gyro,-0.061257567,-0.37287214,-0.5193576,66467764.699706,66467764699706.0,158.0
1524784011784,gyro,0.037287217000000004,-0.407496,-0.60991234,66467774.373778,66467774373778.0,159.0
1524784011784,gyro,0.061257567,-0.46875358,-0.7563978,66467795.949706,66467795949706.0,160.0
1524784011784,gyro,0.05326745,-0.50337744,-0.814992,66467804.494628005,66467804494628.0,161.0
1524784011785,gyro,0.07723781,-0.54599136,-0.8709228000000001,66467814.199218005,66467814199218.0,162.0
1524784011822,gyro,0.30895123,-0.721774,-1.1052996000000002,66467844.533690006,66467844533690.0,165.0
1524784011822,gyro,0.14382212,-0.59925884,-0.93750715,66467824.300536,66467824300536.0,163.0
1524784011822,gyro,0.23437679,-0.6605164000000001,-1.0174084,66467834.432372,66467834432372.0,164.0
1524784011854,gyro,0.33025820000000006,-0.7750414000000001,-1.1958543,66467854.085692,66467854085692.0,166.0
1524784011854,gyro,0.27432737,-0.8283089,-1.2757553999999998,66467864.82788,66467864827880.0,167.0
1524784011882,gyro,-0.034623843,-0.95881414,-1.4062607,66467886.129149,66467886129149.0,168.0
1524784011882,gyro,-0.24503027,-1.0333885,-1.4675183,66467894.307859994,66467894307860.0,169.0
1524784011882,gyro,-0.6871501,-1.2118345,-1.6033503,66467913.96118,66467913961180.0,171.0
1524784011882,gyro,-0.4660902,-1.1186165000000001,-1.5314392,66467904.287108,66467904287108.0,170.0
1524784011922,gyro,-1.0733391,-1.4515381,-1.8057666,66467934.224852,66467934224852.0,173.0
1524784011922,gyro,-1.222488,-1.6060136999999999,-1.9495886999999998,66467944.295653,66467944295653.0,174.0
1524784011922,gyro,-0.8922298000000001,-1.3210328000000002,-1.6912416000000001,66467924.062499,66467924062499.0,172.0
1524784011923,gyro,-1.3529931999999998,-1.7791328000000002,-2.1227077999999997,66467953.878173,66467953878173.0,175.0
1524784011954,gyro,-1.4888252,-1.9655688999999998,-2.3118074,66467964.162595995,66467964162596.0,176.0
1524784011982,gyro,-2.2825102999999998,-2.6047783,-2.9536803,66467994.10034101,66467994100341.0,178.0
1524784011982,gyro,-1.9336083999999998,-2.3757284,-2.7219667000000003,66467985.585935995,66467985585936.0,177.0
1524784011982,gyro,-2.7113132,-2.8418186000000003,-3.2120273,66468004.049071,66468004049071.0,179.0
1524784011983,gyro,-3.2013738,-3.0575516,-3.489018,66468013.753661,66468013753661.0,180.0
1524784012012,gyro,-3.7154046999999997,-3.2226807999999996,-3.7713356,66468023.854979,66468023854979.0,181.0
1524784012012,gyro,-4.213455000000001,-3.315899,-4.0429997,66468034.04785,66468034047850.0,182.0
1524784012012,gyro,-4.666229,-3.3425326,-4.2986830000000005,66468043.691405006,66468043691405.0,183.0
1524784012063,gyro,-5.0630713,-3.302582,-4.538387,66468054.464109994,66468054464110.0,184.0
1524784012064,gyro,-5.5930824,-3.1054923999999997,-5.0151305,66468075.734862,66468075734862.0,185.0
1524784012064,gyro,-5.6756470000000006,-3.0069475,-5.246844,66468083.883055,66468083883055.0,186.0
1524784012064,gyro,-5.670319999999999,-2.9163930000000002,-5.42529,66468093.557128005,66468093557128.0,187.0
1524784012092,gyro,-5.65434,-2.8071947,-5.534488,66468103.658446,66468103658446.0,188.0
1524784012092,gyro,-5.667657,-2.6820161,-5.6090627,66468113.881835,66468113881835.0,189.0
1524784012092,gyro,-5.696954,-2.5541742000000003,-5.672983599999999,66468123.92211801,66468123922118.0,190.0
1524784012122,gyro,-5.7395678,-2.4210057000000003,-5.707607299999999,66468133.62670799,66468133626708.0,191.0
1524784012122,top,,,,,,
1524784012123,gyro,-5.8221326,-2.2452229999999997,-5.678310400000001,66468143.789060995,66468143789061.0,192.0
1524784012164,gyro,-5.9446473,-1.1825374,-5.2361903,66468183.675536,66468183675536.0,195.0
1524784012164,gyro,-6.11244,-1.4515381,-5.3986564,66468175.313719,66468175313719.0,194.0
1524784012164,gyro,-5.947311,-2.0135098,-5.6037360000000005,66468153.798827,66468153798827.0,193.0
1524784012164,gyro,-5.5105176,-0.95881414,-4.980507,66468193.685301,66468193685301.0,196.0
1524784012192,gyro,-4.8420115,-0.7777048000000001,-4.6102977,66468203.450926,66468203450926.0,197.0
1524784012192,gyro,-4.0483265,-0.6285559000000001,-4.1415443,66468213.643798,66468213643798.0,198.0
1524784012192,gyro,-3.2679582000000003,-0.49805066,-3.6141965,66468223.623045996,66468223623046.0,199.0
1524784012222,gyro,-2.5861347,-0.40216926,-3.0788586,66468233.388670996,66468233388671.0,200.0
1524784012258,gyro,-2.0428069,-0.35689193,-2.5435207,66468243.642577,66468243642577.0,201.0
1524784012259,gyro,-1.3263595,-0.3489018,-1.4861618,66468267.995604,66468267995604.0,202.0
1524784012259,gyro,-1.0573589,-0.34623843,-1.0493687,66468274.98413,66468274984130.0,203.0
1524784012259,gyro,-0.7750414000000001,-0.32759482,-0.721774,66468283.16284101,66468283162841.0,204.0
1524784012307,gyro,-0.19176282,-0.21040644,-0.37287214,66468303.395995,66468303395995.0,206.0
1524784012307,gyro,-0.47141695,-0.27965412,-0.5060408,66468293.264158994,66468293264159.0,205.0
1524784012377,gyro,0.122515135,-0.05060408,-0.4181495,66468336.080321,66468336080321.0,207.0
1524784012378,gyro,-0.09588141,0.023970352,-0.6258925,66468352.987059,66468352987059.0,209.0
1524784012378,gyro,0.05326745,-0.01065349,-0.5193576,66468345.235594,66468345235594.0,208.0
1524784012378,gyro,-0.33292156,0.05060408,-0.74840766,66468363.790281996,66468363790282.0,210.0
1524784012403,gyro,-1.6140038,-0.0026633726,-1.3450031,66468405.843505,66468405843505.0,211.0
1524784012403,gyro,-2.0587869,-0.13849537,-1.5687263999999999,66468423.238524,66468423238524.0,213.0
1524784012403,gyro,-1.8723508999999998,-0.061257567,-1.464855,66468416.097411,66468416097411.0,212.0
1524784012404,gyro,-2.159995,-0.22638667,-1.6646078999999998,66468433.919676,66468433919676.0,214.0
1524784012442,gyro,-2.1679852000000004,-0.31694132,-1.7524991,66468442.80029201,66468442800292.0,215.0
1524784012442,gyro,-1.6193305,-0.56729835,-1.973559,66468472.738036,66468472738036.0,218.0
1524784012442,gyro,-1.8963212999999999,-0.47940707,-1.901648,66468462.758788,66468462758788.0,217.0
1524784012442,gyro,-2.0800939,-0.39684250000000004,-1.8270736,66468452.77954,66468452779540.0,216.0
1524784012472,gyro,-1.243795,-0.6605164000000001,-2.0481333999999998,66468482.717283994,66468482717284.0,219.0
1524784012472,gyro,-0.78036815,-0.7430809,-2.109391,66468492.696531996,66468492696532.0,220.0
1524784012514,gyro,-0.26367387,-0.79901177,-2.1333613,66468502.675780006,66468502675780.0,221.0
1524784012515,gyro,0.69514024,-0.8256455,-1.9655688999999998,66468523.061522,66468523061522.0,222.0
1524784012515,gyro,1.3050525,-0.80966526,-1.4382211999999999,66468542.92846601,66468542928466.0,224.0
1524784012515,gyro,1.044042,-0.82031876,-1.744509,66468532.949218005,66468532949218.0,223.0
1524784012542,gyro,1.8057666,-0.7670513000000001,-0.24503027,66468572.86621,66468572866210.0,227.0
1524784012542,gyro,1.6672713,-0.772378,-0.66317976,66468562.886962,66468562886962.0,226.0
1524784012542,gyro,1.5048053999999997,-0.79102165,-1.0680124,66468552.69409101,66468552694091.0,225.0
1524784012572,gyro,1.9176282999999998,-0.7750414000000001,0.16246572,66468582.631835,66468582631835.0,228.0
1524784012608,gyro,2.0081830000000003,-0.78036815,0.54599136,66468592.824706,66468592824706.0,229.0
1524784012608,gyro,2.1919556,-0.75107104,1.150577,66468614.705809,66468614705809.0,230.0
1524784012609,gyro,2.3837185,-0.6871501,1.3316863,66468624.68505699,66468624685057.0,231.0
1524784012609,gyro,2.6846794999999997,-0.5300111,1.4462113,66468632.375487,66468632375487.0,232.0
1524784012632,bottom,,,,,,
1524784012632,gyro,3.4144435,0.4181495,1.7897863,66468662.496337,66468662496337.0,235.0
1524784012632,gyro,3.2919285000000005,0.09321803599999999,1.6539543999999997,66468652.608641006,66468652608641.0,234.0
1524784012632,gyro,3.0255911,-0.2530204,1.5420927,66468642.476805,66468642476805.0,233.0
1524784012663,gyro,3.3984635,0.6471995,1.9202917000000002,66468672.261962,66468672261962.0,236.0
1524784012664,gyro,3.2972553,0.7856949000000001,2.0348167,66468682.24121,66468682241210.0,237.0
1524784012692,gyro,3.153433,0.87624955,2.1333613,66468692.22045799,66468692220458.0,238.0
1524784012693,gyro,2.7486005000000002,1.0946461,2.2452229999999997,66468715.566405006,66468715566405.0,240.0
1524784012693,gyro,2.4609563,1.2491218000000002,2.2292428,66468722.31079,66468722310790.0,241.0
1524784012693,gyro,2.7486005000000002,1.0946461,2.2452229999999997,66468709.554442,66468709554442.0,239.0
1524784012722,gyro,2.1147177000000004,1.3982706,2.1759752999999997,66468732.13745,66468732137450.0,242.0
1524784012722,gyro,1.7311921000000001,1.5154590000000001,2.1227077999999997,66468742.14721601,66468742147216.0,243.0
1524784012722,gyro,1.3503299,1.5740531999999998,2.1014009,66468752.126464,66468752126464.0,244.0
1524784012752,gyro,1.014745,1.5953602,2.1413515,66468762.105712,66468762105712.0,245.0
1524784012753,gyro,0.76172453,1.5980235,2.2319062,66468772.08496,66468772084960.0,246.0
1524784012804,gyro,0.6045856,1.6086770000000001,2.330451,66468782.094725,66468782094725.0,247.0
1524784012804,gyro,0.5300111,1.672598,2.4742732000000003,66468803.670653,66468803670653.0,248.0
1524784012805,gyro,0.5752885,1.6885782,2.5328672,66468812.001952,66468812001952.0,249.0
1524784012805,gyro,0.6605164000000001,1.672598,2.5914613999999996,66468821.95068199,66468821950682.0,250.0
1524784012805,gyro,0.7883583000000001,1.6353108,2.6394022,66468831.92993,66468831929930.0,251.0
1524784012832,gyro,0.93750715,1.6033503,2.6713626,66468841.939696,66468841939696.0,252.0
1524784012832,gyro,1.0893193,1.5873700000000002,2.6926696,66468851.949462,66468851949462.0,253.0
1524784012833,gyro,1.2144979,1.5847067,2.7219667000000003,66468861.867675,66468861867675.0,254.0
1524784012864,gyro,1.3050525,1.5953602,2.7645807000000002,66468871.846923,66468871846923.0,255.0
1524784012892,gyro,1.3609833999999998,1.6086770000000001,2.8018680000000002,66468881.826170996,66468881826171.0,256.0
1524784012892,gyro,1.3529931999999998,1.6592811,2.8364917999999997,66468901.662595995,66468901662596.0,257.0
1524784012893,gyro,1.1772107,1.7125485,2.8391552000000004,66468921.743163,66468921743163.0,259.0
1524784012893,gyro,1.2757553999999998,1.6885782,2.8391552000000004,66468911.763915,66468911763915.0,258.0
1524784012922,gyro,1.0999728000000002,1.7232020000000001,2.8258382999999996,66468931.844481006,66468931844481.0,260.0
1524784012923,gyro,1.0200717,1.7205386000000003,2.7832242999999997,66468952.0166,66468952016600.0,262.0
1524784012923,gyro,1.0653489999999999,1.7205386000000003,2.8071947,66468942.037352,66468942037352.0,261.0
1524784012952,gyro,0.89489317,1.7258653999999998,2.7539272,66468961.782225,66468961782225.0,263.0
1524784012985,gyro,0.6818234000000001,1.7232020000000001,2.7006598,66468972.219237,66468972219237.0,264.0
1524784012985,gyro,0.24769364,1.6486276000000002,2.602115,66468993.551024,66468993551024.0,265.0
1524784012985,gyro,0.16246572,1.5847067,2.5861347,66469001.943358,66469001943358.0,266.0
1524784012986,gyro,0.15447561,1.5207857,2.5648277000000004,66469011.892089,66469011892089.0,267.0
1524784013012,gyro,0.10919827,1.4195776000000002,2.4103522,66469032.15576,66469032155760.0,269.0
1524784013012,gyro,0.15713897,1.4675183,2.5088967999999996,66469021.688231006,66469021688231.0,268.0
1524784013013,gyro,0.013316861999999999,1.3636466999999999,2.2878369999999997,66469041.82983299,66469041829833.0,270.0
1524784013043,gyro,-0.08522792,1.2810822,2.1653217999999996,66469051.564940006,66469051564940.0,271.0
1524784013043,gyro,-0.16512910000000003,1.1745473,2.0561235,66469061.788329005,66469061788329.0,272.0
1524784013085,gyro,-0.21040644,1.0546955,1.9362718,66469071.767577,66469071767577.0,273.0
1524784013085,gyro,-0.2610105,0.80167514,1.5820433,66469093.679198,66469093679198.0,274.0
1524784013085,gyro,-0.32226807,0.5433279999999999,1.0733391,66469111.684568994,66469111684569.0,276.0
1524784013085,gyro,-0.29030759999999994,0.67383325,1.3423398000000002,66469101.705321,66469101705321.0,275.0
1524784013113,gyro,-0.34357506,0.40216926,0.7883583000000001,66469121.6333,66469121633300.0,277.0
1524784013113,gyro,-0.33025820000000006,0.24503027,0.48207045,66469131.643065006,66469131643065.0,278.0
1524784013113,gyro,-0.26367387,0.06658431,0.15713897,66469141.591795996,66469141591796.0,279.0
1524784013142,top,,,,,,
1524784013142,gyro,-0.13849537,-0.11985177,-0.17311922,66469151.632079005,66469151632079.0,280.0
1524784013175,gyro,0.37020877,-0.8389624,-1.7471723999999997,66469191.488036,66469191488036.0,283.0
1524784013175,gyro,0.023970352,-0.30628785,-0.5193576,66469162.008055,66469162008055.0,281.0
1524784013175,gyro,0.31161459999999996,-0.65518963,-1.2970624,66469183.431394994,66469183431395.0,282.0
1524784013176,gyro,0.37553552,-1.0307251,-2.2052723999999997,66469201.497801,66469201497801.0,284.0
1524784013202,gyro,0.34091170000000004,-1.201181,-2.6207585,66469211.202391006,66469211202391.0,285.0
1524784013203,gyro,0.2423669,-1.3263595,-2.951017,66469221.51733299,66469221517333.0,286.0
1524784013203,gyro,0.029297099,-1.4195776000000002,-3.1933837000000005,66469231.405028,66469231405028.0,287.0
1524784013232,gyro,-0.30362448,-1.5261124,-3.3798199,66469241.170653,66469241170653.0,288.0
1524784013233,gyro,-0.72443736,-1.6619445,-3.552939,66469251.39404201,66469251394042.0,289.0
1524784013275,gyro,-1.1825374,-1.8164201000000002,-3.7207315000000003,66469261.37329,66469261373290.0,290.0
1524784013275,gyro,-2.0934107,-2.1014009,-3.9844053,66469283.040769994,66469283040770.0,291.0
1524784013275,gyro,-2.4902534,-2.223916,-4.0722966,66469291.341551,66469291341551.0,292.0
1524784013276,gyro,-2.7965412,-2.3144708,-4.149534,66469301.3208,66469301320800.0,293.0
1524784013307,gyro,-2.9856404999999997,-2.3624115000000003,-4.232099,66469316.671141006,66469316671141.0,294.0
1524784013307,gyro,-3.038908,-2.3570848,-4.3066735000000005,66469323.507079005,66469323507079.0,295.0
1524784013308,gyro,-2.951017,-2.2984904999999998,-4.338634,66469331.319579005,66469331319579.0,296.0
1524784013333,gyro,-2.7406104,-2.1839654,-4.2986830000000005,66469340.810545996,66469340810546.0,297.0
1524784013333,gyro,-2.4396492999999997,-2.0081830000000003,-4.1894849999999995,66469351.583251,66469351583251.0,298.0
1524784013333,gyro,-2.0854206000000004,-1.7684793,-4.037673000000001,66469362.783202,66469362783202.0,299.0
1524784013362,gyro,-1.7152119,-1.4888252,-3.8565636,66469370.717772,66469370717772.0,300.0
1524784013362,gyro,-1.3743002,-1.2065078000000002,-3.646157,66469380.697019994,66469380697020.0,301.0
1524784013362,gyro,-1.0999728000000002,-0.950824,-3.3984635,66469390.676268004,66469390676268.0,302.0
1524784013392,gyro,-0.9428339,-0.7430809,-3.1188092,66469400.655516006,66469400655516.0,303.0
1524784013393,gyro,-0.91886353,-0.5832786,-2.8205116,66469410.634764,66469410634764.0,304.0
1524784013393,gyro,-1.0573589,-0.43945646,-2.5088967999999996,66469420.644530006,66469420644530.0,305.0
1524784013434,gyro,-1.4488747,-0.2530204,-2.1333613,66469430.623778,66469430623778.0,306.0
1524784013435,gyro,-2.9323732999999996,0.09854478400000001,-1.3210328000000002,66469451.284178,66469451284178.0,307.0
1524784013435,gyro,-3.5049982,0.11452502,-1.0387152,66469460.561522,66469460561522.0,308.0
1524784013462,gyro,-3.5902262,0.10120816,-0.84162575,66469470.540769994,66469470540770.0,309.0
1524784013462,gyro,-3.1827302000000004,0.14115874,-0.7191105999999999,66469480.520018004,66469480520018.0,310.0
1524784013463,gyro,-2.4662830000000002,0.21573317,-0.7111205,66469490.468749,66469490468749.0,311.0
1524784013492,gyro,-1.6859148999999998,0.26367387,-0.82031876,66469500.447997,66469500447997.0,312.0
1524784013492,gyro,-1.0786659,0.27965412,-0.9668041999999999,66469510.457762,66469510457762.0,313.0
1524784013493,gyro,-0.73509085,0.25035703,-1.0786659,66469520.40649301,66469520406493.0,314.0
1524784013535,gyro,-0.39151576,-0.061257567,-1.3503299,66469550.527343005,66469550527343.0,316.0
1524784013535,gyro,-0.26900062,-0.11452502,-1.4568648000000002,66469560.323484994,66469560323485.0,317.0
1524784013535,gyro,-0.5806151999999999,0.16246572,-1.1665572,66469530.385741,66469530385741.0,315.0
1524784013562,gyro,-0.14115874,-0.13849537,-1.5793799,66469570.302733,66469570302733.0,318.0
1524784013563,gyro,0.0,-0.17311922,-1.7152119,66469580.709227,66469580709227.0,319.0
1524784013563,gyro,0.13849537,-0.23171341,-1.8483806,66469590.65795799,66469590657958.0,320.0
1524784013592,gyro,0.25834712,-0.30628785,-1.9549154,66469600.240477,66469600240477.0,321.0
1524784013592,gyro,0.32759482,-0.3781989,-2.0241632,66469610.524901,66469610524901.0,322.0
1524784013635,gyro,0.34091170000000004,-0.44478320000000005,-2.0721037,66469620.809325,66469620809325.0,323.0
1524784013635,gyro,0.34357506,-0.6498629,-2.0081830000000003,66469660.512693994,66469660512694.0,326.0
1524784013635,gyro,0.31161459999999996,-0.6125757,-2.0694404,66469650.594481006,66469650594481.0,325.0
1524784013635,gyro,0.30362448,-0.5619715999999999,-2.1014009,66469642.26318199,66469642263182.0,324.0
1524784013663,gyro,0.43945646,-0.6818234000000001,-1.8190834999999999,66469680.288085,66469680288085.0,328.0
1524784013663,gyro,0.39151576,-0.67383325,-1.9256183999999998,66469670.095214,66469670095214.0,327.0
1524784013663,bottom,,,,,,
1524784013663,gyro,0.48207045,-0.6605164000000001,-1.672598,66469690.084227,66469690084227.0,329.0
1524784013692,gyro,0.5060408,-0.60724896,-1.4675183,66469700.03295799,66469700032958.0,330.0
1524784013693,gyro,0.5060408,-0.52468437,-1.2038444,66469710.408934,66469710408934.0,331.0
1524784013735,gyro,0.49006054,-0.4181495,-0.8895664000000001,66469720.38818199,66469720388182.0,332.0
1524784013735,gyro,0.42081288,-0.23171341,-0.122515135,66469741.933593005,66469741933593.0,333.0
1524784013736,gyro,0.36488205,-0.22372329,0.72443736,66469760.305175,66469760305175.0,335.0
1524784013736,gyro,0.386189,-0.19975294,0.30628785,66469750.325926,66469750325926.0,334.0
1524784013762,gyro,0.36754543,-0.292971,1.1052996000000002,66469769.887693994,66469769887694.0,336.0
1524784013763,gyro,0.522021,-0.42081288,1.6965683999999996,66469790.45654201,66469790456542.0,338.0
1524784013763,gyro,0.41282275,-0.3781989,1.4328945,66469780.263670996,66469780263671.0,337.0
1524784013792,gyro,0.6978036,-0.36221868,1.8989846999999997,66469799.794920996,66469799794921.0,339.0
1524784013828,gyro,0.91620016,-0.17844597,2.0507967000000002,66469810.567626,66469810567626.0,340.0
1524784013829,gyro,1.3396763999999999,0.34357506,2.25854,66469832.479247,66469832479247.0,341.0
1524784013829,gyro,1.5207857,0.522021,2.3411044999999997,66469840.017089,66469840017089.0,342.0
1524784013852,gyro,2.1706486000000003,0.564635,2.6127683999999998,66469879.934081,66469879934081.0,346.0
1524784013852,gyro,2.02949,0.5619715999999999,2.567491,66469870.046385,66469870046385.0,345.0
1524784013852,gyro,1.8643608,0.585942,2.5009067000000003,66469862.386473,66469862386473.0,344.0
1524784013852,gyro,1.693905,0.5912687,2.423669,66469855.275878005,66469855275878.0,343.0
1524784013882,gyro,2.2825102999999998,0.6045856,2.631412,66469889.577635,66469889577635.0,347.0
1524784013883,gyro,2.3624115000000003,0.67383325,2.6180952,66469899.556884,66469899556884.0,348.0
1524784013914,gyro,2.423669,0.75107104,2.559501,66469909.53613199,66469909536132.0,349.0
1524784013915,gyro,2.623422,0.8709228000000001,2.2425597,66469930.440673,66469930440673.0,350.0
1524784013915,gyro,2.7752342,0.91620016,2.0454702,66469939.504393004,66469939504393.0,351.0
1524784013942,gyro,2.865789,0.9747943000000001,1.9309452,66469949.483641006,66469949483641.0,352.0
1524784013942,gyro,2.8071947,1.0573589,1.9256183999999998,66469959.462889,66469959462889.0,353.0
1524784013943,gyro,2.6154318,1.1319333,1.9602422,66469969.442137,66469969442137.0,354.0
1524784013972,gyro,2.1892922,1.243795,1.9629055,66469989.400634,66469989400634.0,356.0
1524784013972,gyro,2.3837185,1.1905276000000002,1.9762224,66469979.39086801,66469979390868.0,355.0
1524784014004,gyro,2.0561235,1.3050525,1.9442618999999999,66470000.081786,66470000081786.0,357.0
1524784014005,gyro,1.7338555,1.5554096000000002,2.0188365000000004,66470029.287108,66470029287108.0,359.0
1524784014005,gyro,1.8537073,1.4701817,1.9682323,66470019.887693994,66470019887694.0,358.0
1524784014032,gyro,1.4781716999999999,1.7391822000000001,2.1706486000000003,66470049.245604,66470049245604.0,361.0
1524784014032,gyro,1.6033503,1.6459643,2.0907473999999997,66470039.266356006,66470039266356.0,360.0
1524784014033,gyro,1.3636466999999999,1.8350636999999999,2.2532132000000002,66470059.224852,66470059224852.0,362.0
1524784014062,gyro,1.251785,1.9282818,2.3411044999999997,66470069.2041,66470069204100.0,363.0
1524784014063,gyro,0.98278445,2.0800939,2.5222137000000004,66470089.162595995,66470089162596.0,365.0
1524784014063,gyro,1.1266066000000001,2.0135098,2.4343226000000002,66470079.213866,66470079213866.0,364.0
1524784014105,gyro,0.32226807,2.2132626,2.8018680000000002,66470129.476317,66470129476317.0,368.0
1524784014105,gyro,0.4847338,2.194619,2.7272935,66470120.351560995,66470120351561.0,367.0
1524784014105,gyro,0.82031876,2.1306979999999998,2.5967882,66470099.141844,66470099141844.0,366.0
1524784014132,gyro,0.17045584,2.223916,2.8791057999999996,66470139.058837,66470139058837.0,369.0
1524784014133,gyro,0.023970352,2.2212527,2.951017,66470149.34326,66470149343260.0,370.0
1524784014133,gyro,-0.111861646,2.2052723999999997,3.0122743,66470159.414060995,66470159414061.0,371.0
1524784014162,gyro,-0.23970354,2.1706486000000003,3.0575516,66470169.027098,66470169027098.0,372.0
1524784014163,top,,,,,,
1524784014163,gyro,-0.34623843,2.1200445,3.081522,66470179.37255699,66470179372557.0,373.0
1524784014194,gyro,-0.42880297,2.0507967000000002,3.0788586,66470189.351805,66470189351805.0,374.0
1524784014195,gyro,-0.5193576,1.7951131,2.887096,66470219.197997,66470219197997.0,376.0
1524784014195,gyro,-0.5140309000000001,1.8856678,2.9776504,66470210.531005,66470210531005.0,375.0
1524784014222,gyro,-0.4767437,1.5926968000000001,2.6500556,66470239.248045996,66470239248046.0,378.0
1524784014222,gyro,-0.5060408,1.6992317,2.7778976,66470228.872068994,66470228872069.0,377.0
1524784014223,gyro,-0.42347625,1.4728451,2.48759,66470249.105223,66470249105223.0,379.0
1524784014253,gyro,-0.18909945,1.0573589,1.7951131,66470279.042968005,66470279042968.0,382.0
1524784014253,gyro,-0.3489018,1.3396763999999999,2.2851737,66470258.809813,66470258809813.0,380.0
1524784014253,gyro,-0.26633725,1.201181,2.0507967000000002,66470269.338378005,66470269338378.0,381.0
1524784014295,gyro,-0.13050525,0.9028833,1.5261124,66470288.71704,66470288717040.0,383.0
1524784014295,gyro,-0.06658431,0.52468437,0.9215269,66470310.14038,66470310140380.0,384.0
1524784014295,gyro,-0.055930823,0.29829773,0.5752885,66470319.082030006,66470319082030.0,385.0
1524784014322,gyro,-0.063920945,0.05326745,0.18909945,66470328.634031996,66470328634032.0,386.0
1524784014322,gyro,-0.07457443,-0.19176282,-0.23704016,66470339.010009,66470339010009.0,387.0
1524784014323,gyro,-0.07191106,-0.42613959999999995,-0.6978036,66470348.897704005,66470348897704.0,388.0
1524784014352,gyro,-0.045277335,-0.63121927,-1.1638938,66470358.571776,66470358571776.0,389.0
1524784014352,gyro,0.01065349,-0.80966526,-1.6086770000000001,66470368.8562,66470368856200.0,390.0
1524784014384,gyro,0.09321803599999999,-0.9747943000000001,-2.0135098,66470378.927001,66470378927001.0,391.0
1524784014385,gyro,0.18909945,-1.3077159,-2.7059865000000003,66470400.380858,66470400380858.0,392.0
1524784014385,gyro,0.12517852,-1.4888252,-3.0229277999999997,66470408.864745,66470408864745.0,393.0
1524784014412,gyro,-0.026633725,-1.6779248,-3.3372059999999997,66470418.447264,66470418447264.0,394.0
1524784014412,gyro,-0.25834712,-1.8670242,-3.6568105,66470428.823241,66470428823241.0,395.0
1524784014413,gyro,-0.5539814999999999,-2.0454702,-3.9657617,66470438.802489005,66470438802489.0,396.0
1524784014442,gyro,-0.8895664000000001,-2.2052723999999997,-4.240089,66470448.385009,66470448385009.0,397.0
1524784014443,gyro,-1.2544483999999998,-2.3411044999999997,-4.4584856,66470459.249266006,66470459249266.0,398.0
1524784014443,gyro,-1.6246573,-2.444976,-4.615624400000001,66470468.64868,66470468648680.0,399.0
1524784014485,gyro,-2.759254,-2.3650748999999998,-4.722159400000001,66470508.657225,66470508657225.0,402.0
1524784014485,gyro,-2.5648277000000004,-2.4822632999999996,-4.7647734,66470499.471434,66470499471434.0,401.0
1524784014485,gyro,-1.9815491000000003,-2.5115602000000004,-4.7141695,66470478.292234994,66470478292235.0,400.0
1524784014512,gyro,-2.8711157000000003,-2.1706486000000003,-4.636931400000001,66470518.209227,66470518209227.0,403.0
1524784014512,gyro,-2.895086,-1.9149648999999997,-4.503762999999999,66470528.615720995,66470528615721.0,404.0
1524784014513,gyro,-2.8258382999999996,-1.629984,-4.325317,66470538.564452,66470538564452.0,405.0
1524784014542,gyro,-2.6846794999999997,-1.3476665,-4.1015935,66470548.146970995,66470548146971.0,406.0
1524784014542,gyro,-2.5009067000000003,-1.0946461,-3.8352565999999997,66470558.522948,66470558522948.0,407.0
1524784014576,gyro,-2.3064806,-0.8895664000000001,-3.5342953,66470568.410643004,66470568410643.0,408.0
1524784014577,gyro,-1.9389352,-0.63388264,-2.8711157000000003,66470589.589843005,66470589589843.0,409.0
1524784014577,gyro,-1.7791328000000002,-0.564635,-2.5302038,66470599.538573,66470599538573.0,410.0
1524784014602,gyro,-1.5580729,-0.47408032,-1.8909945,66470618.337401,66470618337401.0,412.0
1524784014602,gyro,-1.651291,-0.51669425,-2.1972822999999995,66470608.02246,66470608022460.0,411.0
1524784014602,gyro,-1.4888252,-0.43412971,-1.6140038,66470628.28613199,66470628286132.0,413.0
1524784014632,gyro,-1.4302311,-0.39950588,-1.3769636,66470637.929685995,66470637929686.0,414.0
1524784014633,gyro,-1.3023891,-0.3489018,-1.0786659,66470657.88818199,66470657888182.0,416.0
1524784014633,gyro,-1.3663101,-0.37287214,-1.1931909,66470648.671874,66470648671874.0,415.0
1524784014675,gyro,-1.2491218000000002,-0.31161459999999996,-1.0387152,66470667.897948,66470667897948.0,417.0
1524784014675,gyro,-1.1399235,-0.21573317,-1.1186165000000001,66470687.825926,66470687825926.0,418.0
1524784014675,gyro,-1.0733391,-0.17311922,-1.2065078000000002,66470697.835692,66470697835692.0,419.0
1524784014675,bottom,,,,,,
1524784014712,gyro,-1.0333885,-0.13050525,-1.2890723,66470707.784423,66470707784423.0,420.0
1524784014713,gyro,-1.0626856000000002,-0.09588141,-1.3609833999999998,66470717.794188,66470717794188.0,421.0
1524784014713,gyro,-1.1638938,-0.08256455,-1.4462113,66470727.803954005,66470727803954.0,422.0
1524784014713,gyro,-1.2917356000000002,-0.10387153,-1.5687263999999999,66470737.72216701,66470737722167.0,423.0
1524784014742,gyro,-1.3929439,-0.1464855,-1.7205386000000003,66470747.701415,66470747701415.0,424.0
1524784014742,gyro,-1.4382211999999999,-0.19176282,-1.8696876,66470757.802733,66470757802733.0,425.0
1524784014784,gyro,-1.4302311,-0.22905004,-1.9922026000000002,66470767.659911,66470767659911.0,426.0
1524784014785,gyro,-1.044042,-0.44211984,-2.3171341,66470807.576903,66470807576903.0,429.0
1524784014785,gyro,-1.1878642,-0.37020877,-2.2532132000000002,66470798.116454005,66470798116454.0,428.0
1524784014785,gyro,-1.3023891,-0.31161459999999996,-2.1759752999999997,66470789.02221601,66470789022216.0,427.0
1524784014813,gyro,-0.5140309000000001,-0.5939321,-2.330451,66470837.514647,66470837514647.0,432.0
1524784014813,gyro,-0.70313036,-0.56729835,-2.3624115000000003,66470827.535399,66470827535399.0,431.0
1524784014813,gyro,-0.8789129000000001,-0.5140309000000001,-2.3570848,66470817.556151,66470817556151.0,430.0
1524784014844,gyro,-0.31161459999999996,-0.585942,-2.2452229999999997,66470847.493894994,66470847493895.0,433.0
1524784014844,gyro,-0.13050525,-0.54865474,-2.0827572,66470857.869872,66470857869872.0,434.0
1524784014873,gyro,0.087891296,-0.49272390000000005,-1.5021421,66470879.293212,66470879293212.0,435.0
1524784014873,gyro,0.22905004,-0.5752885,-0.7430809,66470897.786864005,66470897786864.0,437.0
1524784014873,gyro,0.1464855,-0.52468437,-1.1319333,66470887.807616,66470887807616.0,436.0
1524784014902,gyro,0.35422856,-0.58860534,-0.33824829999999995,66470907.369384,66470907369384.0,438.0
1524784014902,gyro,0.5087042,-0.4953873,0.08256455,66470918.020018004,66470918020018.0,439.0
1524784014903,gyro,0.6658430999999999,-0.27965412,0.5087042,66470927.633055,66470927633055.0,440.0
1524784014932,gyro,0.7963484000000001,0.0,0.91886353,66470937.307128005,66470937307128.0,441.0
1524784014932,gyro,0.89755654,0.24769364,1.3103793,66470947.622068994,66470947622069.0,442.0
1524784014965,gyro,0.9801211,0.38352564,1.6805881,66470957.662352,66470957662352.0,443.0
1524784014965,gyro,1.222488,0.32493144,2.3411044999999997,66470979.177245,66470979177245.0,444.0
1524784014965,gyro,1.4302311,0.25035703,2.5728178,66470988.485106006,66470988485106.0,445.0
1524784014996,gyro,1.952252,0.30628785,2.7565906000000004,66471010.823973,66471010823973.0,447.0
1524784014996,gyro,1.952252,0.30628785,2.7565906000000004,66471004.110106006,66471004110106.0,446.0
1524784014997,gyro,2.2159259999999996,0.43679309999999993,2.7326202,66471017.720946,66471017720946.0,448.0
1524784015022,gyro,2.6420654999999997,0.7457443,2.6207585,66471037.404783994,66471037404784.0,450.0
1524784015022,gyro,2.4529662,0.59659547,2.6766894,66471027.089843005,66471027089843.0,449.0
1524784015053,gyro,2.7619173999999997,0.8629326999999999,2.5781446,66471047.445067,66471047445067.0,451.0
1524784015053,gyro,2.8071947,0.94816065,2.5408573,66471063.16162,66471063161620.0,452.0
1524784015053,gyro,2.7832242999999997,1.0040915000000001,2.4929167999999997,66471067.28149301,66471067281493.0,453.0
1524784015053,gyro,2.7033231,1.0493687,2.436986,66471076.98608299,66471076986083.0,454.0
1524784015082,gyro,2.5728178,1.0999728000000002,2.3890452,66471086.934813,66471086934813.0,455.0
1524784015083,gyro,2.159995,1.2038444,2.3917086,66471107.473143004,66471107473143.0,457.0
1524784015083,gyro,2.3890452,1.150577,2.373065,66471096.944579005,66471096944579.0,456.0
1524784015112,gyro,1.6832515,1.3077159,2.5088967999999996,66471126.882323,66471126882323.0,459.0
1524784015112,gyro,1.9123014999999999,1.2571118000000001,2.4423127,66471116.903075,66471116903075.0,458.0
1524784015113,gyro,1.5074688,1.3556566,2.5728178,66471136.861571,66471136861571.0,460.0
1524784015154,gyro,1.4861618,1.5527461999999999,2.6766894,66471166.646727,66471166646727.0,462.0
1524784015154,gyro,1.4195776000000002,1.4089241000000001,2.623422,66471146.840818994,66471146840819.0,461.0
1524784015155,gyro,1.5261124,1.6459643,2.6900063,66471176.778563,66471176778563.0,463.0
1524784015192,gyro,1.4781716999999999,1.7391822000000001,2.6979964,66471186.72729399,66471186727294.0,464.0
1524784015192,top,,,,,,
1524784015193,gyro,1.3450031,1.8164201000000002,2.7086499,66471196.737059,66471196737059.0,465.0
1524784015193,gyro,1.1772107,1.8696876,2.7272935,66471206.68579,66471206685790.0,466.0
1524784015193,gyro,1.0546955,1.9069748,2.759254,66471216.665038,66471216665038.0,467.0
1524784015224,gyro,1.0174084,1.9629055,2.8071947,66471236.654051,66471236654051.0,469.0
1524784015224,gyro,1.0120816,1.9362718,2.7912145,66471226.644286,66471226644286.0,468.0
1524784015253,gyro,0.8602693000000001,2.0214999,2.809858,66471256.307372,66471256307372.0,470.0
1524784015254,gyro,0.65252626,2.0241632,2.8178482000000002,66471266.591795996,66471266591796.0,471.0
1524784015254,gyro,0.42880297,2.0001929,2.844482,66471276.845702,66471276845702.0,472.0
1524784015282,gyro,0.24503027,1.973559,2.887096,66471286.55029201,66471286550292.0,473.0
1524784015282,gyro,0.10919827,1.9602422,2.9190563999999997,66471297.628173,66471297628173.0,474.0
1524784015282,gyro,-0.0026633726,1.9602422,2.9190563999999997,66471306.783446,66471306783446.0,475.0
1524784015313,gyro,-0.31161459999999996,1.8537073,2.7912145,66471336.385497,66471336385497.0,478.0
1524784015313,gyro,-0.22638667,1.9149648999999997,2.844482,66471326.436766006,66471326436766.0,477.0
1524784015313,gyro,-0.117188394,1.9495886999999998,2.8897592999999997,66471316.457518004,66471316457518.0,476.0
1524784015352,gyro,-0.19708957,1.5687263999999999,2.4263325,66471376.424559,66471376424559.0,482.0
1524784015352,gyro,-0.27432737,1.629984,2.5328672,66471366.323241,66471366323241.0,481.0
1524784015352,gyro,-0.33292156,1.6992317,2.6367388,66471356.34399301,66471356343993.0,480.0
1524784015352,gyro,-0.3489018,1.7764695,2.7219667000000003,66471350.4541,66471350454100.0,479.0
1524784015382,gyro,-0.07457443,1.3077159,2.0907473999999997,66471406.545408994,66471406545409.0,485.0
1524784015382,gyro,-0.09321803599999999,1.4195776000000002,2.2292428,66471396.596678,66471396596678.0,484.0
1524784015382,gyro,-0.13050525,1.4994787,2.3277876,66471386.281737,66471386281737.0,483.0
1524784015413,gyro,0.17045584,0.60724896,0.90821004,66471444.143065006,66471444143065.0,488.0
1524784015413,gyro,-0.04261396,1.1532403,1.8776776999999998,66471416.219481006,66471416219481.0,486.0
1524784015413,gyro,0.02130698,0.9694676,1.5873700000000002,66471426.503905006,66471426503905.0,487.0
1524784015442,gyro,0.17045584,0.60724896,0.90821004,66471448.354491,66471448354491.0,489.0
1524784015442,gyro,0.0,0.02130698,-0.15713897,66471476.125487,66471476125487.0,492.0
1524784015442,gyro,0.10919827,0.22638667,0.18909945,66471466.420897,66471466420897.0,491.0
1524784015442,gyro,0.17311922,0.42613959999999995,0.5513180999999999,66471456.441649,66471456441649.0,490.0
1524784015482,gyro,-0.41282275,-0.58860534,-1.422241,66471516.011962,66471516011962.0,496.0
1524784015482,gyro,-0.34357506,-0.44211984,-1.1132897,66471506.45996,66471506459960.0,495.0
1524784015482,gyro,-0.24769364,-0.30362448,-0.8070019,66471496.358641006,66471496358641.0,494.0
1524784015482,gyro,-0.12517852,-0.15447561,-0.49272390000000005,66471486.196288,66471486196288.0,493.0
1524784015522,gyro,-0.46342683,-0.75107104,-1.7338555,66471526.113280006,66471526113280.0,497.0
1524784015523,gyro,-0.6471995,-1.2651019,-2.652719,66471556.23413,66471556234130.0,500.0
1524784015523,gyro,-0.5087042,-0.9215269,-2.0507967000000002,66471540.120848,66471540120848.0,498.0
1524784015523,gyro,-0.564635,-1.0919827,-2.3624115000000003,66471546.224364005,66471546224364.0,499.0
1524784015562,gyro,-0.75107104,-1.4328945,-2.9217197999999995,66471566.518553,66471566518553.0,501.0
1524784015562,gyro,-0.8709228000000001,-1.5926968000000001,-3.16675,66471576.162108,66471576162108.0,502.0
1524784015562,gyro,-1.1372601,-1.8723508999999998,-3.6141965,66471595.876464,66471595876464.0,504.0
1524784015562,gyro,-0.9961013000000001,-1.7391822000000001,-3.3958,66471586.202391006,66471586202391.0,503.0
1524784015603,gyro,-1.9815491000000003,-2.1866288,-4.253406,66471633.565673,66471633565673.0,507.0
1524784015603,gyro,-1.5394293,-2.0694404,-4.0057125,66471616.0791,66471616079100.0,506.0
1524784015603,gyro,-1.315706,-1.9815491000000003,-3.8219397000000006,66471605.916747,66471605916747.0,505.0
1524784015632,gyro,-1.8350636999999999,-2.0534601,-4.3333072999999995,66471665.97534101,66471665975341.0,511.0
1524784015632,gyro,-1.9895393,-2.1706486000000003,-4.338634,66471656.057128005,66471656057128.0,510.0
1524784015632,gyro,-2.0587869,-2.2079357999999996,-4.312000299999999,66471645.71166899,66471645711669.0,509.0
1524784015632,gyro,-1.9815491000000003,-2.1866288,-4.253406,66471638.05175699,66471638051757.0,508.0
1524784015672,gyro,-1.7018951,-1.4542015,-3.8645535000000004,66471705.587156996,66471705587157.0,515.0
1524784015672,gyro,-1.6779248,-1.5580729,-4.037673000000001,66471695.607908994,66471695607909.0,514.0
1524784015672,gyro,-1.6592811,-1.693905,-4.1788316,66471685.659178,66471685659178.0,513.0
1524784015672,gyro,-1.7045583999999998,-1.8750143,-4.2800400000000005,66471675.771483,66471675771483.0,512.0
1524784015714,gyro,-1.6885782,-1.3636466999999999,-3.6834443,66471715.688475,66471715688475.0,516.0
1524784015714,bottom,,,,,,
1524784015715,gyro,-1.4755085,-1.1798741000000001,-3.3212256,66471735.952147,66471735952147.0,518.0
1524784015715,gyro,-1.3450031,-1.0733391,-3.1161458,66471745.47363199,66471745473632.0,519.0
1524784015715,gyro,-1.6060136999999999,-1.2757553999999998,-3.5049982,66471730.42846601,66471730428466.0,517.0
1524784015742,gyro,-1.1399235,-0.8043385000000001,-2.4503028,66471775.411376,66471775411376.0,522.0
1524784015742,gyro,-1.1958543,-0.8735861999999999,-2.6686992999999997,66471765.798339,66471765798339.0,521.0
1524784015742,gyro,-1.251785,-0.9641409,-2.8924227000000005,66471756.337889,66471756337889.0,520.0
1524784015772,gyro,-0.95881414,-0.69247687,-2.0641136,66471795.400389,66471795400389.0,524.0
1524784015772,gyro,-1.0600222,-0.74840766,-2.2478863999999996,66471785.421141006,66471785421141.0,523.0
1524784015822,gyro,-0.85760593,-0.64453614,-1.9069748,66471805.379637,66471805379637.0,525.0
1524784015823,gyro,-0.46076345,-0.5433279999999999,-1.6379741,66471855.245359994,66471855245360.0,530.0
1524784015823,gyro,-0.6898135,-0.5832786,-1.6912416000000001,66471827.413329005,66471827413329.0,527.0
1524784015823,gyro,-0.54599136,-0.54599136,-1.6219938999999999,66471845.266112,66471845266112.0,529.0
1524784015823,gyro,-0.7670513000000001,-0.60991234,-1.7817962,66471823.293456,66471823293456.0,526.0
1524784015823,gyro,-0.61790246,-0.5619715999999999,-1.6379741,66471835.286864005,66471835286864.0,528.0
1524784015852,gyro,-0.19975294,-0.585942,-1.7285287,66471875.203856006,66471875203856.0,532.0
1524784015852,gyro,-0.34357506,-0.5619715999999999,-1.6752613999999997,66471865.224608,66471865224608.0,531.0
1524784015852,gyro,-0.034623843,-0.60724896,-1.787123,66471885.183104,66471885183104.0,533.0
1524784015883,gyro,0.23970354,-0.63121927,-1.8830044,66471905.1416,66471905141600.0,535.0
1524784015883,gyro,0.117188394,-0.62056583,-1.8430538,66471895.19287,66471895192870.0,534.0
1524784015922,gyro,0.33824829999999995,-0.657853,-1.8004398000000001,66471955.03784101,66471955037841.0,540.0
1524784015922,gyro,0.37020877,-0.6658430999999999,-1.8670242,66471945.882567,66471945882567.0,539.0
1524784015922,gyro,0.38352564,-0.6658430999999999,-1.901648,66471935.079344,66471935079344.0,538.0
1524784015922,gyro,0.36754543,-0.65518963,-1.9123014999999999,66471925.100095995,66471925100096.0,537.0
1524784015922,gyro,0.32226807,-0.64187276,-1.9069748,66471920.247801,66471920247801.0,536.0
1524784015952,gyro,0.19975294,-0.5752885,-1.5580729,66471975.026854,66471975026854.0,542.0
1524784015952,gyro,0.27965412,-0.63121927,-1.6992317,66471965.017089,66471965017089.0,541.0
1524784015984,gyro,-0.026633725,-0.37553552,-1.1905276000000002,66471995.290526,66471995290526.0,544.0
1524784015984,gyro,0.09588141,-0.48739716,-1.3876171,66471984.975585,66471984975585.0,543.0
1524784016012,gyro,-0.27699074,-0.16246572,-0.71644723,66472016.652831,66472016652831.0,545.0
1524784016012,gyro,-0.35422856,-0.10919827,-0.43679309999999993,66472025.35034101,66472025350341.0,546.0
1524784016013,gyro,-0.3781989,-0.10387153,-0.13583199999999998,66472035.268553,66472035268553.0,547.0
1524784016042,gyro,-0.3489018,-0.10919827,0.17311922,66472044.851073,66472044851073.0,548.0
1524784016042,gyro,-0.27699074,-0.07723781,0.48207045,66472055.166014,66472055166014.0,549.0
1524784016043,gyro,-0.18377271,0.034623843,0.78036815,66472065.145262,66472065145262.0,550.0
1524784016072,gyro,-0.09854478400000001,0.23704016,1.0760025,66472074.788817,66472074788817.0,551.0
1524784016072,gyro,-0.058594197,0.48739716,1.3663101,66472085.073241,66472085073241.0,552.0
1524784016104,gyro,-0.06658431,0.7084571,1.6459643,66472095.052489005,66472095052489.0,553.0
1524784016104,gyro,-0.15980235,0.9028833,2.1972822999999995,66472116.536864005,66472116536864.0,554.0
1524784016104,gyro,-0.17578259,0.89755654,2.4902534,66472125.783690006,66472125783690.0,555.0
1524784016132,gyro,-0.13849537,0.87624955,2.7912145,66472134.664305,66472134664305.0,556.0
1524784016133,gyro,-0.04261396,0.86825943,3.081522,66472144.948729,66472144948729.0,557.0
1524784016133,gyro,0.09854478400000001,0.8815763000000001,3.3345425000000004,66472155.019530006,66472155019530.0,558.0
1524784016167,gyro,0.44478320000000005,0.94816065,3.7287216,66472179.036864005,66472179036864.0,560.0
1524784016167,gyro,0.27166399999999996,0.9108734,3.5449488,66472164.72412,66472164724120.0,559.0
1524784016192,gyro,0.5806151999999999,0.9854478000000001,3.904504,66472186.025389,66472186025389.0,561.0
1524784016193,gyro,0.6392094,1.0653489999999999,4.3705945,66472215.139158994,66472215139159.0,563.0
1524784016193,gyro,0.585942,1.0839926000000002,4.461149,66472224.447019994,66472224447020.0,564.0
1524784016193,gyro,0.6711699000000001,1.044042,4.237426,66472207.296141006,66472207296141.0,562.0
1524784016222,gyro,0.52468437,1.0946461,4.5090900000000005,66472234.426268004,66472234426268.0,565.0
1524784016222,top,,,,,,
1524784016223,gyro,0.4660902,1.0893193,4.5197434,66472244.405516006,66472244405516.0,566.0
1524784016262,gyro,0.35955529999999997,1.0014280999999998,4.495773000000001,66472264.394530006,66472264394530.0,568.0
1524784016262,gyro,0.41282275,1.0573589,4.5090900000000005,66472254.415281996,66472254415282.0,567.0
1524784016263,gyro,0.29563436,0.9215269,4.4931097,66472274.373778,66472274373778.0,569.0
1524784016293,gyro,0.21839654,0.82031876,4.51708,66472284.353026,66472284353026.0,570.0
1524784016294,gyro,0.037287217000000004,0.5806151999999999,4.642258,66472304.219969,66472304219969.0,571.0
1524784016294,gyro,-0.111861646,0.3196047,4.7567835,66472324.239501,66472324239501.0,573.0
1524784016294,gyro,-0.04261396,0.45010996,4.706179,66472314.260253005,66472314260253.0,572.0
1524784016322,gyro,-0.18643607,0.19176282,4.7993974999999995,66472334.218749,66472334218749.0,574.0
1524784016322,gyro,-0.28498086,0.058594197,4.8286942999999996,66472344.197997,66472344197997.0,575.0
1524784016323,gyro,-0.42347625,-0.08256455,4.847338,66472354.177245,66472354177245.0,576.0
1524784016363,gyro,-0.5912687,-0.24503027,4.8420115,66472364.15649301,66472364156493.0,577.0
1524784016364,gyro,-0.95881414,-0.82031876,4.660902,66472393.880614005,66472393880614.0,579.0
1524784016364,gyro,-0.75906116,-0.42880297,4.8100510000000005,66472374.135741,66472374135741.0,578.0
1524784016402,gyro,-1.0573589,-1.3716369,4.237426,66472424.031981006,66472424031981.0,582.0
1524784016402,gyro,-1.0067549,-1.1985177,4.410545,66472414.052733,66472414052733.0,581.0
1524784016402,gyro,-0.9881112,-1.014745,4.5517035,66472404.683837,66472404683837.0,580.0
1524784016403,gyro,-1.1638938,-1.5287758,4.0270195,66472434.011229,66472434011229.0,583.0
1524784016442,gyro,-1.3263595,-1.6592811,3.7873157999999996,66472444.143065006,66472444143065.0,584.0
1524784016443,gyro,-1.5127956,-1.7551625,3.531632,66472454.244384,66472454244384.0,585.0
1524784016443,gyro,-1.6752613999999997,-1.8137566999999999,3.2679582000000003,66472464.345702,66472464345702.0,586.0
1524784016483,gyro,-1.7764695,-1.8510438999999999,3.0149376,66472473.897704005,66472473897704.0,587.0
1524784016484,gyro,-1.7072217,-1.8909945,2.5488473999999997,66472495.351560995,66472495351561.0,588.0
1524784016484,gyro,-1.5687263999999999,-1.8723508999999998,2.322461,66472504.598387,66472504598387.0,589.0
1524784016484,gyro,-1.4062607,-1.8004398000000001,2.074767,66472513.814696,66472513814696.0,590.0
1524784016522,gyro,-1.251785,-1.6619445,1.7951131,66472523.916014,66472523916014.0,591.0
1524784016522,gyro,-1.1239431999999998,-1.4595281999999998,1.5074688,66472534.200438,66472534200438.0,592.0
1524784016522,gyro,-1.0520321000000001,-1.2118345,1.2544483999999998,66472544.057616,66472544057616.0,593.0
1524784016523,gyro,-1.0573589,-0.93750715,1.0733391,66472553.731688,66472553731688.0,594.0
1524784016573,gyro,-1.1585671,-0.66317976,0.950824,66472563.83300699,66472563833007.0,595.0
1524784016574,gyro,-1.8377271000000002,0.2530204,0.6605164000000001,66472603.627928,66472603627928.0,598.0
1524784016574,gyro,-1.6832515,0.058594197,0.70313036,66472594.808348,66472594808348.0,597.0
1524784016574,gyro,-1.5154590000000001,-0.15980235,0.7670513000000001,66472585.042723,66472585042723.0,596.0
1524784016602,gyro,-2.5728178,0.65518963,0.4847338,66472633.565673,66472633565673.0,601.0
1524784016602,gyro,-2.25854,0.54865474,0.55930823,66472623.92211801,66472623922118.0,600.0
1524784016602,gyro,-2.0188365000000004,0.41548613,0.61790246,66472613.729247,66472613729247.0,599.0
1524784016632,gyro,-2.9377,0.75107104,0.41015938,66472643.666991,66472643666991.0,602.0
1524784016633,gyro,-3.2626314,0.8336356,0.34091170000000004,66472653.859862,66472653859862.0,603.0
1524784016674,gyro,-3.4384138999999996,0.90821004,0.292971,66472663.50341701,66472663503417.0,604.0
1524784016675,gyro,-1.9815491000000003,0.86825943,0.25568378,66472703.78662,66472703786620.0,607.0
1524784016675,gyro,-3.0921755,0.9801211,0.25834712,66472684.438475,66472684438475.0,605.0
1524784016675,gyro,-2.6074417000000003,0.9454973,0.2530204,66472693.929442,66472693929442.0,606.0
1524784016702,gyro,-1.3050525,0.7670513000000001,0.26367387,66472713.521727,66472713521727.0,608.0
1524784016703,gyro,-0.67383325,0.6605164000000001,0.27699074,66472723.714598,66472723714598.0,609.0
1524784016703,gyro,-0.17578259,0.5513180999999999,0.29030759999999994,66472733.693845995,66472733693846.0,610.0
1524784016736,bottom,,,,,,
1524784016736,gyro,0.14914887,0.43945646,0.30362448,66472748.403318994,66472748403319.0,611.0
1524784016762,gyro,0.34623843,0.32759482,0.3196047,66472755.330809,66472755330809.0,612.0
1524784016763,gyro,0.6871501,0.17311922,0.35955529999999997,66472776.448973,66472776448973.0,613.0
1524784016763,gyro,0.91886353,0.15447561,0.386189,66472783.529051,66472783529051.0,614.0
1524784016763,gyro,1.1399235,0.17311922,0.41282275,66472793.233641006,66472793233641.0,615.0
1524784016792,gyro,1.2810822,0.21573317,0.43412971,66472803.151854,66472803151854.0,616.0
1524784016792,gyro,1.2997258,0.26900062,0.44744658,66472813.131102,66472813131102.0,617.0
1524784016793,gyro,1.2304781999999999,0.32493144,0.4554367,66472823.11035,66472823110350.0,618.0
1524784016832,gyro,1.1479136,0.37287214,0.45010996,66472833.150634,66472833150634.0,619.0
1524784016832,gyro,1.1106263,0.41282275,0.42880297,66472843.099364005,66472843099364.0,620.0
1524784016866,gyro,1.1212798000000002,0.44211984,0.38086227,66472853.078612,66472853078612.0,621.0
1524784016867,gyro,1.0866559999999998,0.47141695,0.2530204,66472874.44091701,66472874440917.0,622.0
1524784016867,gyro,0.9534874,0.4660902,0.22638667,66472883.443602,66472883443602.0,623.0
1524784016867,gyro,0.7563978,0.43412971,0.23970354,66472892.995604,66472892995604.0,624.0
1524784016917,gyro,0.55930823,0.386189,0.26367387,66472902.974852,66472902974852.0,625.0
1524784016917,gyro,0.43146634,0.33025820000000006,0.26633725,66472912.9541,66472912954100.0,626.0
1524784016988,gyro,0.44211984,0.14382212,0.14115874,66472946.309813,66472946309813.0,627.0
1524784016989,gyro,0.28764424,-0.06658431,0.01065349,66472974.630126,66472974630126.0,629.0
1524784016989,gyro,0.38086227,-0.0026633726,0.045277335,66472965.200193994,66472965200194.0,628.0
1524784017014,gyro,-0.013316861999999999,-0.407496,0.16779247,66473030.324706,66473030324706.0,631.0
1524784017014,gyro,0.0026633726,-0.34357506,0.117188394,66473016.988524,66473016988524.0,630.0
1524784017015,end,,,,,,
