1358386066143,begin 1000,,,,,,
1358386066144,top,,,,,,
1358386066144,gyro,-0.023970352,-0.0026633726,-0.007990118000000001,3552155.4162589996,3552155416259.0,0.0
1358386066145,gyro,-0.013316861999999999,-0.0026633726,-0.007990118000000001,3552165.6701660003,3552165670166.0,1.0
1358386066175,gyro,-0.0026633726,-0.0026633726,-0.005326745,3552175.679931,3552175679931.0,2.0
1358386066175,gyro,0.0026633726,-0.0026633726,-0.0026633726,3552191.976318,3552191976318.0,3.0
1358386066176,gyro,0.0,-0.005326745,0.0,3552205.678711,3552205678711.0,5.0
1358386066176,gyro,0.005326745,-0.0026633726,0.0,3552197.6220699996,3552197622070.0,4.0
1358386066214,gyro,-0.013316861999999999,-0.015980236000000002,0.0,3552245.412597,3552245412597.0,9.0
1358386066214,gyro,-0.0026633726,-0.007990118000000001,0.0026633726,3552215.413818,3552215413818.0,6.0
1358386066214,gyro,-0.01065349,-0.007990118000000001,0.0026633726,3552225.4235839997,3552225423584.0,7.0
1358386066214,gyro,-0.015980236000000002,-0.013316861999999999,0.0026633726,3552235.463867,3552235463867.0,8.0
1358386066244,gyro,-0.0026633726,-0.018643608,0.0,3552255.4223629995,3552255422363.0,10.0
1358386066245,gyro,0.0026633726,-0.018643608,0.0,3552265.493164,3552265493164.0,11.0
1358386066274,gyro,0.01065349,-0.02130698,0.0026633726,3552283.803711,3552283803711.0,12.0
1358386066274,gyro,0.01065349,-0.02130698,0.007990118000000001,3552288.808593,3552288808593.0,13.0
1358386066275,gyro,0.005326745,-0.023970352,0.01065349,3552295.8276360002,3552295827636.0,14.0
1358386066275,gyro,0.0,-0.023970352,0.013316861999999999,3552305.8374019996,3552305837402.0,15.0
1358386066304,gyro,0.0,-0.02130698,0.013316861999999999,3552315.6335449996,3552315633545.0,16.0
1358386066305,gyro,-0.0026633726,-0.018643608,0.013316861999999999,3552326.741943,3552326741943.0,17.0
1358386066305,gyro,0.0,-0.015980236000000002,0.013316861999999999,3552335.897217,3552335897217.0,18.0
1358386066334,gyro,0.01065349,-0.01065349,0.007990118000000001,3552355.8862300003,3552355886230.0,20.0
1358386066334,gyro,0.0026633726,-0.013316861999999999,0.01065349,3552345.7238769997,3552345723877.0,19.0
1358386066367,gyro,0.018643608,-0.005326745,0.007990118000000001,3552365.8959959997,3552365895996.0,21.0
1358386066367,gyro,0.026633725,0.0,0.005326745,3552379.07959,3552379079590.0,22.0
1358386066368,gyro,0.031960472000000004,0.0026633726,0.0026633726,3552385.9460449996,3552385946045.0,23.0
1358386066368,gyro,0.031960472000000004,0.01065349,0.0,3552396.1083980002,3552396108398.0,24.0
1358386066394,gyro,0.029297099,0.018643608,0.0,3552405.8129879995,3552405812988.0,25.0
1358386066396,gyro,0.026633725,0.029297099,0.0,3552416.0363769997,3552416036377.0,26.0
1358386066397,gyro,0.02130698,0.04261396,0.0,3552426.046142,3552426046142.0,27.0
1358386066424,gyro,0.015980236000000002,0.055930823,0.0,3552435.842285,3552435842285.0,28.0
1358386066429,gyro,0.007990118000000001,0.069247685,-0.0026633726,3552446.065674,3552446065674.0,29.0
1358386066465,gyro,-0.045277335,0.09854478400000001,-0.015980236000000002,3552496.0839839997,3552496083984.0,33.0
1358386066465,gyro,0.0,0.07990117,-0.005326745,3552456.075439,3552456075439.0,30.0
1358386066465,gyro,-0.023970352,0.09588141,-0.013316861999999999,3552476.5527339997,3552476552734.0,31.0
1358386066465,gyro,-0.037287217000000004,0.09854478400000001,-0.015980236000000002,3552486.3793940004,3552486379394.0,32.0
1358386066494,gyro,-0.039950587,0.09321803599999999,-0.018643608,3552505.9106440004,3552505910644.0,34.0
1358386066495,gyro,-0.023970352,0.087891296,-0.018643608,3552516.622314,3552516622314.0,35.0
1358386066495,gyro,-0.0026633726,0.07723781,-0.02130698,3552525.899658,3552525899658.0,36.0
1358386066524,gyro,0.013316861999999999,0.06658431,-0.02130698,3552536.153564,3552536153564.0,37.0
1358386066529,gyro,0.023970352,0.055930823,-0.02130698,3552546.224365,3552546224365.0,38.0
1358386066530,gyro,0.029297099,0.039950587,-0.02130698,3552556.2646480002,3552556264648.0,39.0
1358386066565,gyro,-0.01065349,-0.01065349,-0.018643608,3552596.242676,3552596242676.0,43.0
1358386066565,gyro,0.0,0.0,-0.02130698,3552588.3081050003,3552588308105.0,42.0
1358386066565,gyro,0.0,0.0,-0.02130698,3552583.730468,3552583730468.0,41.0
1358386066565,gyro,0.023970352,0.023970352,-0.02130698,3552566.0302730002,3552566030273.0,40.0
1358386066594,gyro,-0.018643608,-0.018643608,-0.018643608,3552606.069336,3552606069336.0,44.0
1358386066595,gyro,-0.018643608,-0.026633725,-0.018643608,3552616.4453120003,3552616445312.0,45.0
1358386066595,gyro,-0.013316861999999999,-0.031960472000000004,-0.02130698,3552626.333008,3552626333008.0,46.0
1358386066624,gyro,-0.007990118000000001,-0.034623843,-0.023970352,3552636.12915,3552636129150.0,47.0
1358386066625,gyro,0.0,-0.039950587,-0.023970352,3552646.383056,3552646383056.0,48.0
1358386066625,gyro,0.005326745,-0.04261396,-0.018643608,3552656.392822,3552656392822.0,49.0
1358386066665,gyro,0.005326745,-0.045277335,-0.013316861999999999,3552682.729492,3552682729492.0,51.0
1358386066665,bottom,,,,,,
1358386066665,gyro,0.007990118000000001,-0.045277335,-0.015980236000000002,3552666.188965,3552666188965.0,50.0
1358386066666,gyro,0.0,-0.045277335,-0.013316861999999999,3552688.6804199996,3552688680420.0,52.0
1358386066666,gyro,0.0,-0.047940705,-0.013316861999999999,3552696.401367,3552696401367.0,53.0
1358386066694,gyro,-0.0026633726,-0.047940705,-0.007990118000000001,3552706.6247559995,3552706624756.0,54.0
1358386066695,gyro,-0.0026633726,-0.05060408,0.0,3552726.674804,3552726674804.0,56.0
1358386066695,gyro,-0.0026633726,-0.05060408,-0.0026633726,3552716.4514160003,3552716451416.0,55.0
1358386066724,gyro,0.0,-0.047940705,0.0,3552736.287842,3552736287842.0,57.0
1358386066725,gyro,0.0026633726,-0.045277335,0.0026633726,3552746.5112300003,3552746511230.0,58.0
1358386066765,gyro,0.023970352,-0.026633725,0.007990118000000001,3552786.550293,3552786550293.0,61.0
1358386066765,gyro,0.023970352,-0.018643608,0.005326745,3552796.560058,3552796560058.0,62.0
1358386066765,gyro,0.007990118000000001,-0.04261396,0.0026633726,3552756.551513,3552756551513.0,59.0
1358386066765,gyro,0.018643608,-0.031960472000000004,0.007990118000000001,3552776.693115,3552776693115.0,60.0
1358386066794,gyro,0.023970352,-0.013316861999999999,0.0,3552806.356201,3552806356201.0,63.0
1358386066795,gyro,0.02130698,-0.005326745,0.0,3552816.7321769996,3552816732177.0,64.0
1358386066795,gyro,0.01065349,0.0,-0.0026633726,3552826.65039,3552826650390.0,65.0
1358386066824,gyro,0.0,0.005326745,-0.0026633726,3552836.446533,3552836446533.0,66.0
1358386066825,gyro,-0.01065349,0.013316861999999999,-0.0026633726,3552846.6699220003,3552846669922.0,67.0
1358386066865,gyro,0.007990118000000001,0.026633725,-0.0026633726,3552896.627197,3552896627197.0,71.0
1358386066865,gyro,-0.013316861999999999,0.018643608,0.0,3552856.740722,3552856740722.0,68.0
1358386066865,gyro,0.007990118000000001,0.026633725,-0.0026633726,3552886.7089839997,3552886708984.0,70.0
1358386066865,gyro,0.0,0.026633725,0.0,3552877.2790519996,3552877279052.0,69.0
1358386066894,gyro,0.005326745,0.029297099,-0.005326745,3552906.514892,3552906514892.0,72.0
1358386066895,gyro,0.0,0.029297099,-0.005326745,3552916.8908690005,3552916890869.0,73.0
1358386066895,gyro,-0.007990118000000001,0.029297099,-0.007990118000000001,3552926.839599,3552926839599.0,74.0
1358386066924,gyro,-0.018643608,0.026633725,-0.007990118000000001,3552936.574707,3552936574707.0,75.0
1358386066955,gyro,-0.02130698,0.0,-0.013316861999999999,3552976.9189449996,3552976918945.0,78.0
1358386066955,gyro,-0.026633725,0.018643608,-0.01065349,3552946.8286129995,3552946828613.0,76.0
1358386066955,gyro,-0.029297099,0.005326745,-0.015980236000000002,3552968.3740230002,3552968374023.0,77.0
1358386066955,gyro,-0.007990118000000001,-0.005326745,-0.01065349,3552986.837158,3552986837158.0,79.0
1358386066985,gyro,0.0,-0.013316861999999999,-0.0026633726,3552996.663818,3552996663818.0,80.0
1358386066985,gyro,0.005326745,-0.023970352,0.0026633726,3553017.0495599997,3553017049560.0,82.0
1358386066985,gyro,0.0026633726,-0.018643608,0.0,3553006.856689,3553006856689.0,81.0
1358386067015,gyro,0.007990118000000001,-0.034623843,0.007990118000000001,3553036.947021,3553036947021.0,84.0
1358386067015,gyro,0.007990118000000001,-0.029297099,0.005326745,3553026.723633,3553026723633.0,83.0
1358386067055,gyro,0.013316861999999999,-0.037287217000000004,0.007990118000000001,3553046.987304,3553046987304.0,85.0
1358386067055,gyro,0.018643608,-0.037287217000000004,0.0026633726,3553067.006836,3553067006836.0,86.0
1358386067055,gyro,0.018643608,-0.037287217000000004,0.0026633726,3553076.9860839997,3553076986084.0,87.0
1358386067055,gyro,0.013316861999999999,-0.034623843,0.0,3553086.782226,3553086782226.0,88.0
1358386067084,gyro,0.005326745,-0.031960472000000004,0.0,3553096.8225089996,3553096822509.0,89.0
1358386067085,gyro,0.0,-0.029297099,0.0,3553107.167968,3553107167968.0,90.0
1358386067085,gyro,-0.005326745,-0.026633725,-0.005326745,3553116.7504879995,3553116750488.0,91.0
1358386067114,gyro,-0.013316861999999999,-0.023970352,-0.007990118000000001,3553126.882324,3553126882324.0,92.0
1358386067146,gyro,-0.023970352,-0.015980236000000002,-0.005326745,3553158.712158,3553158712158.0,94.0
1358386067146,gyro,-0.02130698,-0.02130698,-0.007990118000000001,3553137.1057129996,3553137105713.0,93.0
1358386067147,gyro,-0.018643608,-0.015980236000000002,-0.0026633726,3553167.104492,3553167104492.0,95.0
1358386067147,gyro,-0.015980236000000002,-0.015980236000000002,-0.0026633726,3553176.839599,3553176839599.0,96.0
1358386067184,top,,,,,,
1358386067184,gyro,-0.01065349,-0.018643608,0.0,3553186.9714349997,3553186971435.0,97.0
1358386067184,gyro,0.007990118000000001,-0.018643608,0.013316861999999999,3553217.2448730003,3553217244873.0,100.0
1358386067184,gyro,-0.005326745,-0.018643608,0.0,3553198.018799,3553198018799.0,98.0
1358386067184,gyro,0.0,-0.018643608,0.007990118000000001,3553207.174072,3553207174072.0,99.0
1358386067216,gyro,0.018643608,-0.018643608,0.015980236000000002,3553227.0104980003,3553227010498.0,101.0
1358386067216,gyro,0.02130698,-0.013316861999999999,0.013316861999999999,3553237.2338860002,3553237233886.0,102.0
1358386067244,gyro,-0.0026633726,0.0,0.007990118000000001,3553277.303467,3553277303467.0,106.0
1358386067244,gyro,0.0026633726,-0.0026633726,0.007990118000000001,3553267.263183,3553267263183.0,105.0
1358386067244,gyro,0.018643608,-0.01065349,0.013316861999999999,3553251.4855949995,3553251485595.0,103.0
1358386067244,gyro,0.013316861999999999,-0.005326745,0.01065349,3553257.8637690004,3553257863769.0,104.0
1358386067274,gyro,-0.01065349,0.0026633726,0.0026633726,3553287.0996089997,3553287099609.0,107.0
1358386067274,gyro,-0.013316861999999999,0.0026633726,0.0026633726,3553297.3229980003,3553297322998.0,108.0
1358386067305,gyro,-0.018643608,0.0026633726,0.005326745,3553317.3425290002,3553317342529.0,110.0
1358386067305,gyro,-0.015980236000000002,0.0026633726,0.0026633726,3553307.5463860002,3553307546386.0,109.0
1358386067336,gyro,-0.018643608,-0.007990118000000001,0.0026633726,3553349.1113279997,3553349111328.0,112.0
1358386067336,gyro,-0.01065349,-0.01065349,0.0026633726,3553357.381592,3553357381592.0,113.0
1358386067336,gyro,0.0,-0.015980236000000002,0.0026633726,3553367.116699,3553367116699.0,114.0
1358386067336,gyro,-0.02130698,0.0,0.007990118000000001,3553327.4133300004,3553327413330.0,111.0
1358386067364,gyro,0.013316861999999999,-0.018643608,0.0026633726,3553377.248535,3553377248535.0,115.0
1358386067364,gyro,0.023970352,-0.02130698,0.0026633726,3553388.2348629995,3553388234863.0,116.0
1358386067365,gyro,0.026633725,-0.023970352,0.0,3553397.1459959997,3553397145996.0,117.0
1358386067405,gyro,0.023970352,-0.023970352,0.0,3553407.308349,3553407308349.0,118.0
1358386067405,gyro,0.013316861999999999,-0.023970352,0.0,3553417.5927730002,3553417592773.0,119.0
1358386067436,gyro,0.005326745,-0.026633725,0.0,3553427.510986,3553427510986.0,120.0
1358386067436,gyro,0.0,-0.023970352,0.0,3553449.147949,3553449147949.0,121.0
1358386067436,gyro,0.005326745,-0.018643608,0.0,3553458.4863279997,3553458486328.0,122.0
1358386067437,gyro,0.013316861999999999,-0.01065349,0.0,3553467.27539,3553467275390.0,123.0
1358386067464,gyro,0.013316861999999999,0.0026633726,0.0,3553487.600097,3553487600097.0,125.0
1358386067464,gyro,0.018643608,-0.0026633726,0.0,3553477.407226,3553477407226.0,124.0
1358386067465,gyro,0.0,0.007990118000000001,0.0,3553497.3046870003,3553497304687.0,126.0
1358386067506,gyro,-0.015980236000000002,0.013316861999999999,0.0,3553507.4670410003,3553507467041.0,127.0
1358386067506,gyro,-0.031960472000000004,0.018643608,0.0,3553517.5683589997,3553517568359.0,128.0
1358386067534,gyro,-0.031960472000000004,0.029297099,0.0026633726,3553538.839111,3553538839111.0,129.0
1358386067534,gyro,-0.015980236000000002,0.031960472000000004,0.007990118000000001,3553547.6892089997,3553547689209.0,130.0
1358386067535,gyro,0.013316861999999999,0.034623843,0.007990118000000001,3553567.403564,3553567403564.0,132.0
1358386067535,gyro,0.0,0.031960472000000004,0.007990118000000001,3553557.698974,3553557698974.0,131.0
1358386067574,gyro,0.013316861999999999,0.034623843,0.005326745,3553587.758789,3553587758789.0,134.0
1358386067574,gyro,0.018643608,0.034623843,0.007990118000000001,3553578.1762690004,3553578176269.0,133.0
1358386067575,gyro,0.0026633726,0.037287217000000004,0.005326745,3553597.860107,3553597860107.0,135.0
1358386067606,gyro,-0.007990118000000001,0.037287217000000004,0.0026633726,3553607.4731440004,3553607473144.0,136.0
1358386067607,gyro,-0.015980236000000002,0.034623843,0.0,3553617.788086,3553617788086.0,137.0
1358386067634,gyro,-0.013316861999999999,0.029297099,-0.0026633726,3553639.211426,3553639211426.0,138.0
1358386067635,gyro,-0.01065349,0.026633725,-0.0026633726,3553648.8244629996,3553648824463.0,139.0
1358386067635,gyro,-0.007990118000000001,0.02130698,-0.0026633726,3553657.8576660003,3553657857666.0,140.0
1358386067635,gyro,-0.007990118000000001,0.013316861999999999,-0.0026633726,3553667.5622559995,3553667562256.0,141.0
1358386067674,gyro,-0.007990118000000001,0.007990118000000001,-0.0026633726,3553677.7246089997,3553677724609.0,142.0
1358386067675,gyro,-0.005326745,0.0026633726,-0.005326745,3553687.8869629996,3553687886963.0,143.0
1358386067675,gyro,0.0026633726,0.0026633726,-0.005326745,3553698.018799,3553698018799.0,144.0
1358386067716,gyro,0.013316861999999999,0.005326745,-0.007990118000000001,3553728.9331050003,3553728933105.0,146.0
1358386067716,bottom,,,,,,
1358386067716,gyro,0.013316861999999999,0.0026633726,-0.0026633726,3553707.631836,3553707631836.0,145.0
1358386067716,gyro,0.0,0.005326745,-0.01065349,3553737.966308,3553737966308.0,147.0
1358386067717,gyro,-0.018643608,0.005326745,-0.01065349,3553747.7014160003,3553747701416.0,148.0
1358386067744,gyro,-0.037287217000000004,0.0026633726,-0.007990118000000001,3553758.016357,3553758016357.0,149.0
1358386067744,gyro,-0.045277335,0.0026633726,-0.007990118000000001,3553768.605957,3553768605957.0,150.0
1358386067774,gyro,-0.047940705,0.0,-0.005326745,3553777.7307129996,3553777730713.0,151.0
1358386067775,gyro,-0.039950587,0.0,-0.005326745,3553788.0456540002,3553788045654.0,152.0
1358386067775,gyro,-0.023970352,0.0,-0.005326745,3553798.17749,3553798177490.0,153.0
1358386067816,gyro,0.007990118000000001,-0.0026633726,-0.0026633726,3553838.460693,3553838460693.0,156.0
1358386067816,gyro,-0.007990118000000001,0.0,-0.0026633726,3553807.7600089996,3553807760009.0,154.0
1358386067816,gyro,0.01065349,0.0,0.0,3553829.152832,3553829152832.0,155.0
1358386067844,gyro,-0.007990118000000001,-0.005326745,-0.0026633726,3553858.266601,3553858266601.0,158.0
1358386067844,gyro,0.0,-0.0026633726,-0.0026633726,3553847.82959,3553847829590.0,157.0
1358386067845,gyro,-0.01065349,-0.005326745,-0.0026633726,3553868.1542970003,3553868154297.0,159.0
1358386067874,gyro,-0.01065349,-0.005326745,-0.0026633726,3553877.8894040002,3553877889404.0,160.0
1358386067875,gyro,-0.005326745,-0.007990118000000001,0.0,3553888.2043449995,3553888204345.0,161.0
1358386067906,gyro,0.0,-0.007990118000000001,0.0,3553898.305664,3553898305664.0,162.0
1358386067906,gyro,-0.0026633726,-0.01065349,0.0,3553919.5153809995,3553919515381.0,163.0
1358386067906,gyro,-0.007990118000000001,-0.013316861999999999,0.0,3553928.3654779997,3553928365478.0,164.0
1358386067934,gyro,-0.018643608,-0.013316861999999999,0.0,3553937.978515,3553937978515.0,165.0
1358386067935,gyro,-0.023970352,-0.015980236000000002,0.0,3553948.293457,3553948293457.0,166.0
1358386067935,gyro,-0.026633725,-0.018643608,0.0,3553958.669433,3553958669433.0,167.0
1358386067964,gyro,-0.023970352,-0.02130698,0.0,3553968.0078120003,3553968007812.0,168.0
1358386067965,gyro,0.0,-0.023970352,0.0,3553988.393554,3553988393554.0,170.0
1358386067965,gyro,-0.013316861999999999,-0.023970352,0.0,3553978.353271,3553978353271.0,169.0
1358386068006,gyro,0.0026633726,-0.02130698,-0.0026633726,3554028.615722,3554028615722.0,173.0
1358386068006,gyro,0.007990118000000001,-0.023970352,0.0,3553998.0676269997,3553998067627.0,171.0
1358386068006,gyro,0.01065349,-0.023970352,-0.0026633726,3554019.1552730002,3554019155273.0,172.0
1358386068034,gyro,-0.0026633726,-0.015980236000000002,0.0,3554038.106689,3554038106689.0,174.0
1358386068035,gyro,-0.01065349,-0.013316861999999999,0.0,3554048.4521480002,3554048452148.0,175.0
1358386068035,gyro,-0.007990118000000001,-0.007990118000000001,0.0,3554058.461914,3554058461914.0,176.0
1358386068064,gyro,-0.0026633726,-0.005326745,0.0,3554068.1665040003,3554068166504.0,177.0
1358386068065,gyro,0.0026633726,0.0,0.0026633726,3554078.4814449996,3554078481445.0,178.0
1358386068096,gyro,-0.0026633726,0.007990118000000001,0.0,3554118.551025,3554118551025.0,181.0
1358386068096,gyro,0.007990118000000001,0.0,0.0026633726,3554088.491211,3554088491211.0,179.0
1358386068096,gyro,0.0,0.005326745,0.0026633726,3554109.853515,3554109853515.0,180.0
1358386068124,gyro,-0.007990118000000001,0.007990118000000001,-0.0026633726,3554128.255615,3554128255615.0,182.0
1358386068125,gyro,-0.007990118000000001,0.01065349,-0.007990118000000001,3554148.946533,3554148946533.0,184.0
1358386068125,gyro,-0.007990118000000001,0.01065349,-0.007990118000000001,3554138.570556,3554138570556.0,183.0
1358386068154,gyro,-0.01065349,0.007990118000000001,-0.007990118000000001,3554158.315429,3554158315429.0,185.0
1358386068155,gyro,-0.018643608,0.007990118000000001,-0.0026633726,3554168.6303709997,3554168630371.0,186.0
1358386068186,gyro,-0.034623843,0.0,-0.0026633726,3554200.1550290002,3554200155029.0,188.0
1358386068186,gyro,-0.023970352,0.005326745,-0.0026633726,3554178.792724,3554178792724.0,187.0
1358386068186,gyro,-0.031960472000000004,-0.0026633726,-0.0026633726,3554208.7915040003,3554208791504.0,189.0
1358386068214,gyro,-0.029297099,-0.005326745,0.0,3554218.4045410003,3554218404541.0,190.0
1358386068215,gyro,-0.018643608,-0.007990118000000001,0.0,3554228.719482,3554228719482.0,191.0
1358386068215,gyro,-0.013316861999999999,-0.01065349,0.0026633726,3554238.7292480003,3554238729248.0,192.0
1358386068244,top,,,,,,
1358386068244,gyro,-0.007990118000000001,-0.013316861999999999,0.0026633726,3554248.4338379996,3554248433838.0,193.0
1358386068245,gyro,-0.007990118000000001,-0.015980236000000002,0.0,3554258.7792970003,3554258779297.0,194.0
1358386068245,gyro,-0.007990118000000001,-0.018643608,0.0026633726,3554268.7585449996,3554268758545.0,195.0
1358386068286,gyro,-0.007990118000000001,-0.023970352,0.0026633726,3554278.4936519996,3554278493652.0,196.0
1358386068286,gyro,0.0,-0.029297099,0.0,3554299.7338860002,3554299733886.0,197.0
1358386068287,gyro,0.0026633726,-0.029297099,0.0,3554308.9501949996,3554308950195.0,198.0
1358386068315,gyro,0.007990118000000001,-0.029297099,0.0,3554318.532715,3554318532715.0,199.0
1358386068315,gyro,0.0026633726,-0.026633725,0.0,3554328.878174,3554328878174.0,200.0
1358386068315,gyro,-0.0026633726,-0.026633725,0.0,3554339.1015620003,3554339101562.0,201.0
1358386068344,gyro,-0.018643608,-0.023970352,-0.0026633726,3554348.5925290002,3554348592529.0,202.0
1358386068345,gyro,-0.029297099,-0.02130698,-0.007990118000000001,3554368.917236,3554368917236.0,204.0
1358386068345,gyro,-0.026633725,-0.023970352,-0.007990118000000001,3554358.9074699995,3554358907470.0,203.0
1358386068386,gyro,-0.023970352,-0.015980236000000002,-0.007990118000000001,3554378.621826,3554378621826.0,205.0
1358386068386,gyro,-0.005326745,-0.007990118000000001,-0.005326745,3554399.8620599997,3554399862060.0,206.0
1358386068386,gyro,0.0,-0.0026633726,-0.005326745,3554409.3225089996,3554409322509.0,207.0
1358386068415,gyro,-0.0026633726,0.0,-0.005326745,3554418.691406,3554418691406.0,208.0
1358386068415,gyro,-0.007990118000000001,0.0026633726,-0.005326745,3554429.036865,3554429036865.0,209.0
1358386068415,gyro,-0.015980236000000002,0.007990118000000001,-0.0026633726,3554439.0466309995,3554439046631.0,210.0
1358386068444,gyro,-0.023970352,0.013316861999999999,-0.0026633726,3554449.6057129996,3554449605713.0,211.0
1358386068445,gyro,-0.026633725,0.013316861999999999,-0.005326745,3554459.157715,3554459157715.0,212.0
1358386068476,gyro,-0.015980236000000002,0.018643608,-0.005326745,3554490.5908199996,3554490590820.0,214.0
1358386068476,gyro,-0.015980236000000002,0.018643608,-0.0026633726,3554499.2272949996,3554499227295.0,215.0
1358386068476,gyro,-0.023970352,0.015980236000000002,-0.005326745,3554469.0759269996,3554469075927.0,213.0
1358386068504,gyro,-0.023970352,0.018643608,0.0,3554508.840332,3554508840332.0,216.0
1358386068505,gyro,-0.045277335,0.015980236000000002,0.0,3554528.8903809995,3554528890381.0,218.0
1358386068505,gyro,-0.031960472000000004,0.015980236000000002,0.0,3554518.972168,3554518972168.0,217.0
1358386068535,gyro,-0.063920945,0.018643608,0.0,3554549.2150879996,3554549215088.0,220.0
1358386068535,gyro,-0.055930823,0.015980236000000002,0.0,3554538.930664,3554538930664.0,219.0
1358386068566,gyro,-0.069247685,0.018643608,0.0,3554559.316406,3554559316406.0,221.0
1358386068567,gyro,-0.061257567,0.026633725,-0.005326745,3554589.25415,3554589254150.0,223.0
1358386068567,gyro,-0.06658431,0.023970352,-0.0026633726,3554580.831299,3554580831299.0,222.0
1358386068594,gyro,-0.055930823,0.029297099,-0.0026633726,3554598.95874,3554598958740.0,224.0
1358386068595,gyro,-0.05326745,0.031960472000000004,0.0,3554609.304199,3554609304199.0,225.0
1358386068595,gyro,-0.05060408,0.031960472000000004,0.0,3554619.313965,3554619313965.0,226.0
1358386068624,gyro,-0.045277335,0.029297099,0.0,3554629.018554,3554629018554.0,227.0
1358386068625,gyro,-0.029297099,0.023970352,0.0,3554649.434814,3554649434814.0,229.0
1358386068625,gyro,-0.037287217000000004,0.026633725,0.0,3554640.065918,3554640065918.0,228.0
1358386068666,gyro,-0.02130698,0.02130698,-0.0026633726,3554659.047851,3554659047851.0,230.0
1358386068667,gyro,-0.015980236000000002,0.007990118000000001,-0.0026633726,3554680.288086,3554680288086.0,231.0
1358386068667,gyro,-0.015980236000000002,0.0,-0.007990118000000001,3554689.412842,3554689412842.0,232.0
1358386068694,gyro,-0.015980236000000002,-0.0026633726,-0.01065349,3554699.117431,3554699117431.0,233.0
1358386068695,gyro,-0.01065349,-0.015980236000000002,-0.015980236000000002,3554719.442138,3554719442138.0,235.0
1358386068695,gyro,-0.013316861999999999,-0.01065349,-0.013316861999999999,3554709.4323730003,3554709432373.0,234.0
1358386068724,gyro,-0.005326745,-0.018643608,-0.018643608,3554729.1772459997,3554729177246.0,236.0
1358386068725,gyro,0.0,-0.023970352,-0.02130698,3554739.4921870003,3554739492187.0,237.0
1358386068756,gyro,0.0,-0.026633725,-0.01065349,3554770.9863279997,3554770986328.0,239.0
1358386068756,bottom,,,,,,
1358386068756,gyro,0.0026633726,-0.026633725,-0.02130698,3554749.5935059995,3554749593506.0,238.0
1358386068757,gyro,0.0,-0.023970352,-0.0026633726,3554779.6533199996,3554779653320.0,240.0
1358386068784,gyro,0.005326745,-0.02130698,0.0026633726,3554789.266357,3554789266357.0,241.0
1358386068785,gyro,0.015980236000000002,-0.018643608,0.007990118000000001,3554799.581299,3554799581299.0,242.0
1358386068785,gyro,0.026633725,-0.013316861999999999,0.015980236000000002,3554809.591064,3554809591064.0,243.0
1358386068814,gyro,0.031960472000000004,-0.005326745,0.023970352,3554819.2956540002,3554819295654.0,244.0
1358386068815,gyro,0.029297099,0.0,0.029297099,3554830.343017,3554830343017.0,245.0
1358386068815,gyro,0.02130698,0.0026633726,0.034623843,3554839.6508790003,3554839650879.0,246.0
1358386068856,gyro,0.007990118000000001,0.005326745,0.039950587,3554849.355468,3554849355468.0,247.0
1358386068857,gyro,-0.01065349,0.013316861999999999,0.05326745,3554879.7814940005,3554879781494.0,249.0
1358386068857,gyro,-0.007990118000000001,0.01065349,0.047940705,3554870.443115,3554870443115.0,248.0
1358386068884,gyro,-0.007990118000000001,0.013316861999999999,0.058594197,3554889.394531,3554889394531.0,250.0
1358386068885,gyro,-0.0026633726,0.013316861999999999,0.058594197,3554899.73999,3554899739990.0,251.0
1358386068885,gyro,0.005326745,0.013316861999999999,0.05326745,3554909.841308,3554909841308.0,252.0
1358386068915,gyro,0.018643608,0.013316861999999999,0.047940705,3554919.4543449995,3554919454345.0,253.0
1358386068915,gyro,0.029297099,0.015980236000000002,0.045277335,3554929.86084,3554929860840.0,254.0
1358386068946,gyro,0.031960472000000004,0.015980236000000002,0.039950587,3554939.7790519996,3554939779052.0,255.0
1358386068947,gyro,0.023970352,0.013316861999999999,0.031960472000000004,3554960.9277339997,3554960927734.0,256.0
1358386068947,gyro,0.015980236000000002,0.01065349,0.023970352,3554969.838867,3554969838867.0,257.0
1358386068974,gyro,0.007990118000000001,0.007990118000000001,0.018643608,3554979.543457,3554979543457.0,258.0
1358386068975,gyro,0.0,0.005326745,0.013316861999999999,3554989.919433,3554989919433.0,259.0
1358386068975,gyro,-0.0026633726,0.005326745,0.007990118000000001,3554999.9902339997,3554999990234.0,260.0
1358386069004,gyro,-0.005326745,0.0026633726,0.0,3555009.603271,3555009603271.0,261.0
1358386069005,gyro,-0.005326745,0.0,-0.005326745,3555020.375976,3555020375976.0,262.0
1358386069005,gyro,-0.0026633726,0.0,-0.01065349,3555030.019531,3555030019531.0,263.0
1358386069046,gyro,0.0,0.0,-0.013316861999999999,3555039.7241209997,3555039724121.0,264.0
1358386069047,gyro,0.007990118000000001,-0.007990118000000001,-0.007990118000000001,3555060.9338379996,3555060933838.0,265.0
1358386069047,gyro,0.007990118000000001,-0.01065349,-0.007990118000000001,3555069.9670410003,3555069967041.0,266.0
1358386069074,gyro,0.005326745,-0.015980236000000002,-0.0026633726,3555079.7021480002,3555079702148.0,267.0
1358386069075,gyro,0.0,-0.018643608,0.0,3555090.108642,3555090108642.0,268.0
1358386069075,gyro,-0.0026633726,-0.018643608,0.005326745,3555100.118408,3555100118408.0,269.0
1358386069104,gyro,-0.007990118000000001,-0.02130698,0.013316861999999999,3555109.7314449996,3555109731445.0,270.0
1358386069105,gyro,-0.013316861999999999,-0.023970352,0.02130698,3555120.0463860002,3555120046386.0,271.0
1358386069136,gyro,-0.015980236000000002,-0.026633725,0.026633725,3555130.178222,3555130178222.0,272.0
1358386069137,gyro,0.0,-0.023970352,0.034623843,3555160.2075190004,3555160207519.0,274.0
1358386069137,gyro,-0.007990118000000001,-0.026633725,0.031960472000000004,3555151.6015620003,3555151601562.0,273.0
1358386069165,gyro,0.02130698,-0.018643608,0.039950587,3555190.175781,3555190175781.0,277.0
1358386069165,gyro,0.013316861999999999,-0.023970352,0.039950587,3555180.166015,3555180166015.0,276.0
1358386069165,gyro,0.007990118000000001,-0.023970352,0.039950587,3555169.820556,3555169820556.0,275.0
1358386069194,gyro,0.023970352,-0.013316861999999999,0.037287217000000004,3555199.8803709997,3555199880371.0,278.0
1358386069195,gyro,0.023970352,0.0,0.034623843,3555220.2050779997,3555220205078.0,280.0
1358386069195,gyro,0.026633725,-0.007990118000000001,0.037287217000000004,3555210.653076,3555210653076.0,279.0
1358386069236,gyro,0.018643608,0.0,0.029297099,3555229.9401849997,3555229940185.0,281.0
1358386069237,gyro,0.007990118000000001,0.007990118000000001,0.013316861999999999,3555251.1499019996,3555251149902.0,282.0
1358386069237,gyro,0.0026633726,0.01065349,0.007990118000000001,3555260.366211,3555260366211.0,283.0
1358386069265,top,,,,,,
1358386069265,gyro,0.0026633726,0.018643608,0.0,3555280.294189,3555280294189.0,285.0
1358386069265,gyro,0.0026633726,0.013316861999999999,0.0026633726,3555269.9792480003,3555269979248.0,284.0
1358386069265,gyro,0.0026633726,0.018643608,-0.007990118000000001,3555290.3039550004,3555290303955.0,286.0
1358386069294,gyro,0.005326745,0.02130698,-0.013316861999999999,3555300.0390620003,3555300039062.0,287.0
1358386069295,gyro,0.0026633726,0.02130698,-0.018643608,3555310.445556,3555310445556.0,288.0
1358386069295,gyro,0.0,0.02130698,-0.02130698,3555320.3637690004,3555320363769.0,289.0
1358386069336,gyro,-0.0026633726,0.018643608,-0.023970352,3555330.0683589997,3555330068359.0,290.0
1358386069337,gyro,-0.01065349,0.013316861999999999,-0.031960472000000004,3555351.3696290003,3555351369629.0,291.0
1358386069337,gyro,-0.01065349,0.01065349,-0.034623843,3555360.8911129995,3555360891113.0,292.0
1358386069365,gyro,-0.01065349,0.007990118000000001,-0.031960472000000004,3555370.137939,3555370137939.0,293.0
1358386069365,gyro,-0.007990118000000001,0.0026633726,-0.023970352,3555390.462646,3555390462646.0,295.0
1358386069365,gyro,-0.007990118000000001,0.005326745,-0.029297099,3555380.6665040003,3555380666504.0,294.0
1358386069394,gyro,-0.01065349,0.0,-0.018643608,3555400.4113769997,3555400411377.0,296.0
1358386069395,gyro,-0.013316861999999999,-0.0026633726,-0.015980236000000002,3555410.6042480003,3555410604248.0,297.0
1358386069426,gyro,-0.015980236000000002,-0.005326745,-0.01065349,3555420.491943,3555420491943.0,298.0
1358386069427,gyro,-0.015980236000000002,-0.023970352,-0.007990118000000001,3555450.6433099997,3555450643310.0,300.0
1358386069427,gyro,-0.018643608,-0.018643608,-0.007990118000000001,3555441.8542480003,3555441854248.0,299.0
1358386069455,gyro,-0.013316861999999999,-0.026633725,-0.005326745,3555460.256347,3555460256347.0,301.0
1358386069455,gyro,-0.007990118000000001,-0.029297099,-0.0026633726,3555470.601806,3555470601806.0,302.0
1358386069455,gyro,-0.0026633726,-0.031960472000000004,0.0,3555480.703125,3555480703125.0,303.0
1358386069485,gyro,-0.0026633726,-0.034623843,0.0026633726,3555490.3161620004,3555490316162.0,304.0
1358386069485,gyro,-0.005326745,-0.034623843,0.007990118000000001,3555500.722656,3555500722656.0,305.0
1358386069517,gyro,-0.01065349,-0.037287217000000004,0.007990118000000001,3555510.7324220003,3555510732422.0,306.0
1358386069517,gyro,-0.013316861999999999,-0.039950587,0.007990118000000001,3555532.4914550004,3555532491455.0,307.0
1358386069517,gyro,-0.013316861999999999,-0.039950587,0.005326745,3555540.792236,3555540792236.0,308.0
1358386069544,gyro,-0.013316861999999999,-0.039950587,0.0,3555550.4052730002,3555550405273.0,309.0
1358386069545,gyro,-0.01065349,-0.034623843,-0.005326745,3555570.7299800003,3555570729980.0,311.0
1358386069545,gyro,-0.013316861999999999,-0.037287217000000004,-0.0026633726,3555560.720215,3555560720215.0,310.0
1358386069574,gyro,-0.007990118000000001,-0.031960472000000004,-0.007990118000000001,3555580.4345699996,3555580434570.0,312.0
1358386069575,gyro,-0.0026633726,-0.026633725,-0.007990118000000001,3555590.902099,3555590902099.0,313.0
1358386069575,gyro,0.0,-0.018643608,-0.007990118000000001,3555600.881347,3555600881347.0,314.0
1358386069617,gyro,0.0026633726,-0.013316861999999999,-0.007990118000000001,3555610.4943839996,3555610494384.0,315.0
1358386069617,gyro,-0.007990118000000001,0.0026633726,-0.013316861999999999,3555640.859375,3555640859375.0,317.0
1358386069617,gyro,-0.0026633726,0.0,-0.013316861999999999,3555631.7956540002,3555631795654.0,316.0
1358386069644,gyro,-0.013316861999999999,0.01065349,-0.01065349,3555650.563965,3555650563965.0,318.0
1358386069645,gyro,-0.013316861999999999,0.015980236000000002,-0.007990118000000001,3555660.878906,3555660878906.0,319.0
1358386069645,gyro,-0.013316861999999999,0.018643608,-0.005326745,3555670.8886720003,3555670888672.0,320.0
1358386069674,gyro,-0.01065349,0.018643608,-0.0026633726,3555680.5932610002,3555680593261.0,321.0
1358386069675,gyro,-0.007990118000000001,0.018643608,-0.0026633726,3555690.9082029997,3555690908203.0,322.0
1358386069707,gyro,-0.005326745,0.013316861999999999,0.0026633726,3555731.069336,3555731069336.0,325.0
1358386069707,gyro,-0.005326745,0.015980236000000002,0.0026633726,3555723.2873529997,3555723287353.0,324.0
1358386069707,gyro,-0.005326745,0.018643608,0.0,3555701.925049,3555701925049.0,323.0
1358386069735,gyro,-0.013316861999999999,0.0,0.0026633726,3555761.12915,3555761129150.0,328.0
1358386069735,gyro,-0.007990118000000001,0.0026633726,0.0,3555751.027832,3555751027832.0,327.0
1358386069735,gyro,-0.005326745,0.007990118000000001,0.0,3555740.804443,3555740804443.0,326.0
1358386069764,gyro,-0.015980236000000002,-0.0026633726,0.005326745,3555770.7421870003,3555770742187.0,329.0
1358386069765,gyro,-0.013316861999999999,-0.015980236000000002,0.007990118000000001,3555791.0668940004,3555791066894.0,331.0
1358386069765,gyro,-0.018643608,-0.01065349,0.007990118000000001,3555781.179199,3555781179199.0,330.0
1358386069765,bottom,,,,,,
1358386069807,gyro,-0.005326745,-0.02130698,0.007990118000000001,3555800.7714839997,3555800771484.0,332.0
1358386069807,gyro,0.005326745,-0.029297099,0.007990118000000001,3555821.9201660003,3555821920166.0,333.0
1358386069807,gyro,0.007990118000000001,-0.031960472000000004,0.005326745,3555831.2280269996,3555831228027.0,334.0
1358386069835,gyro,0.007990118000000001,-0.034623843,0.0026633726,3555840.841064,3555840841064.0,335.0
1358386069835,gyro,0.005326745,-0.034623843,0.0026633726,3555851.1560059995,3555851156006.0,336.0
1358386069835,gyro,0.0,-0.034623843,0.0026633726,3555861.287842,3555861287842.0,337.0
1358386069864,gyro,0.0,-0.034623843,0.0026633726,3555870.9008790003,3555870900879.0,338.0
1358386069865,gyro,-0.0026633726,-0.034623843,0.005326745,3555881.3073730003,3555881307373.0,339.0
1358386069897,gyro,-0.005326745,-0.034623843,0.005326745,3555892.019043,3555892019043.0,340.0
1358386069897,gyro,-0.007990118000000001,-0.029297099,0.005326745,3555913.411865,3555913411865.0,341.0
1358386069897,gyro,-0.007990118000000001,-0.029297099,0.0026633726,3555921.3769529997,3555921376953.0,342.0
1358386069925,gyro,-0.007990118000000001,-0.026633725,0.0,3555930.98999,3555930989990.0,343.0
1358386069925,gyro,-0.007990118000000001,-0.023970352,0.0,3555941.304931,3555941304931.0,344.0
1358386069925,gyro,-0.007990118000000001,-0.023970352,-0.005326745,3555951.40625,3555951406250.0,345.0
1358386069955,gyro,-0.0026633726,-0.023970352,-0.007990118000000001,3555961.0192870004,3555961019287.0,346.0
1358386069955,gyro,0.0,-0.018643608,-0.01065349,3555971.425781,3555971425781.0,347.0
1358386069955,gyro,0.0026633726,-0.013316861999999999,-0.013316861999999999,3555981.466064,3555981466064.0,348.0
1358386069997,gyro,0.0026633726,-0.01065349,-0.015980236000000002,3555991.079101,3555991079101.0,349.0
1358386069997,gyro,-0.0026633726,-0.0026633726,-0.02130698,3556013.1738279997,3556013173828.0,350.0
1358386069997,gyro,-0.005326745,0.0,-0.02130698,3556021.5051269997,3556021505127.0,351.0
1358386070025,gyro,-0.007990118000000001,0.0026633726,-0.018643608,3556041.4636230003,3556041463623.0,353.0
1358386070025,gyro,-0.007990118000000001,0.007990118000000001,-0.015980236000000002,3556051.564941,3556051564941.0,354.0
1358386070025,gyro,-0.007990118000000001,0.0,-0.018643608,3556031.118164,3556031118164.0,352.0
1358386070054,gyro,-0.0026633726,0.007990118000000001,-0.015980236000000002,3556061.1779779997,3556061177978.0,355.0
1358386070055,gyro,0.0,0.01065349,-0.013316861999999999,3556071.584472,3556071584472.0,356.0
1358386070087,gyro,0.005326745,0.013316861999999999,-0.01065349,3556082.296142,3556082296142.0,357.0
1358386070087,gyro,0.013316861999999999,0.02130698,-0.005326745,3556103.627929,3556103627929.0,358.0
1358386070087,gyro,0.013316861999999999,0.023970352,-0.005326745,3556111.6540519996,3556111654052.0,359.0
1358386070114,gyro,0.01065349,0.026633725,-0.005326745,3556121.26709,3556121267090.0,360.0
1358386070115,gyro,0.0026633726,0.029297099,-0.007990118000000001,3556131.582031,3556131582031.0,361.0
1358386070115,gyro,0.0,0.029297099,-0.007990118000000001,3556141.5917970003,3556141591797.0,362.0
1358386070144,gyro,-0.0026633726,0.031960472000000004,-0.01065349,3556151.2963860002,3556151296386.0,363.0
1358386070145,gyro,-0.005326745,0.031960472000000004,-0.01065349,3556171.651611,3556171651611.0,365.0
1358386070145,gyro,-0.005326745,0.031960472000000004,-0.01065349,3556161.6418449995,3556161641845.0,364.0
1358386070187,gyro,-0.015980236000000002,0.026633725,-0.0026633726,3556202.504883,3556202504883.0,367.0
1358386070187,gyro,-0.018643608,0.023970352,0.0,3556211.721191,3556211721191.0,368.0
1358386070187,gyro,-0.007990118000000001,0.031960472000000004,-0.01065349,3556181.356201,3556181356201.0,366.0
1358386070214,gyro,-0.013316861999999999,0.015980236000000002,0.0026633726,3556221.425781,3556221425781.0,369.0
1358386070215,gyro,0.005326745,0.0026633726,0.005326745,3556241.903076,3556241903076.0,371.0
1358386070215,gyro,-0.0026633726,0.01065349,0.005326745,3556231.740722,3556231740722.0,370.0
1358386070244,gyro,0.013316861999999999,0.0,0.0026633726,3556251.4550779997,3556251455078.0,372.0
1358386070245,gyro,0.013316861999999999,-0.0026633726,0.0026633726,3556261.7700190004,3556261770019.0,373.0
1358386070277,gyro,-0.007990118000000001,-0.02130698,-0.0026633726,3556294.9121089997,3556294912109.0,375.0
1358386070277,gyro,0.005326745,-0.01065349,0.0,3556272.4511720003,3556272451172.0,374.0
1358386070277,top,,,,,,
1358386070277,gyro,-0.007990118000000001,-0.023970352,-0.0026633726,3556301.625976,3556301625976.0,376.0
1358386070304,gyro,-0.007990118000000001,-0.023970352,-0.005326745,3556311.544189,3556311544189.0,377.0
1358386070305,gyro,-0.0026633726,-0.023970352,-0.0026633726,3556321.981201,3556321981201.0,378.0
1358386070305,gyro,0.0,-0.023970352,0.0,3556331.990967,3556331990967.0,379.0
1358386070334,gyro,0.0,-0.026633725,0.0,3556341.573486,3556341573486.0,380.0
1358386070335,gyro,0.005326745,-0.026633725,0.0,3556361.928711,3556361928711.0,382.0
1358386070335,gyro,0.0026633726,-0.026633725,0.0,3556352.0104980003,3556352010498.0,381.0
1358386070377,gyro,0.013316861999999999,-0.015980236000000002,0.0,3556402.089843,3556402089843.0,385.0
1358386070377,gyro,0.013316861999999999,-0.018643608,0.0,3556392.751465,3556392751465.0,384.0
1358386070377,gyro,0.007990118000000001,-0.023970352,0.0,3556371.633301,3556371633301.0,383.0
1358386070404,gyro,0.01065349,-0.01065349,0.0,3556411.7028809995,3556411702881.0,386.0
1358386070405,gyro,0.007990118000000001,-0.007990118000000001,-0.0026633726,3556422.139892,3556422139892.0,387.0
1358386070405,gyro,0.0,-0.0026633726,-0.0026633726,3556432.149658,3556432149658.0,388.0
1358386070434,gyro,0.0,0.0,-0.0026633726,3556441.7321769996,3556441732177.0,389.0
1358386070435,gyro,0.0,0.0,-0.0026633726,3556452.169189,3556452169189.0,390.0
1358386070467,gyro,0.013316861999999999,0.01065349,-0.005326745,3556492.116699,3556492116699.0,393.0
1358386070467,gyro,0.013316861999999999,0.007990118000000001,-0.005326745,3556483.754883,3556483754883.0,392.0
1358386070467,gyro,0.0026633726,0.0026633726,-0.0026633726,3556462.5146480002,3556462514648.0,391.0
1358386070494,gyro,0.007990118000000001,0.01065349,-0.007990118000000001,3556501.851806,3556501851806.0,394.0
1358386070495,gyro,0.0,0.007990118000000001,-0.0026633726,3556522.084961,3556522084961.0,396.0
1358386070495,gyro,0.0026633726,0.007990118000000001,-0.005326745,3556511.983642,3556511983642.0,395.0
1358386070525,gyro,0.0026633726,0.005326745,0.0,3556552.3278809995,3556552327881.0,399.0
1358386070525,gyro,-0.0026633726,0.007990118000000001,-0.0026633726,3556531.8811029997,3556531881103.0,397.0
1358386070525,gyro,0.0,0.007990118000000001,0.0,3556542.1960449996,3556542196045.0,398.0
1358386070567,gyro,0.013316861999999999,0.005326745,0.0,3556561.940918,3556561940918.0,400.0
1358386070567,gyro,0.026633725,0.0026633726,0.0,3556583.5168449995,3556583516845.0,401.0
1358386070567,gyro,0.023970352,0.0,0.0,3556592.27539,3556592275390.0,402.0
1358386070594,gyro,0.013316861999999999,0.0,0.0026633726,3556601.9799800003,3556601979980.0,403.0
1358386070595,gyro,0.0026633726,0.0,0.0026633726,3556612.416992,3556612416992.0,404.0
1358386070595,gyro,0.0,0.0,0.0026633726,3556622.426758,3556622426758.0,405.0
1358386070624,gyro,0.0,0.0,0.0,3556632.0397949996,3556632039795.0,406.0
1358386070624,gyro,0.005326745,0.0,0.0,3556642.415771,3556642415771.0,407.0
1358386070657,gyro,0.01065349,0.0,-0.0026633726,3556652.7612300003,3556652761230.0,408.0
1358386070657,gyro,0.0,0.0,-0.007990118000000001,3556682.5463860002,3556682546386.0,410.0
1358386070657,gyro,0.007990118000000001,0.0,-0.005326745,3556674.1540519996,3556674154052.0,409.0
1358386070685,gyro,-0.007990118000000001,0.0,-0.01065349,3556702.5354,3556702535400.0,412.0
1358386070685,gyro,-0.01065349,0.0,-0.007990118000000001,3556712.5451660003,3556712545166.0,413.0
1358386070685,gyro,-0.005326745,0.0,-0.007990118000000001,3556692.128906,3556692128906.0,411.0
1358386070714,gyro,-0.007990118000000001,0.0,-0.007990118000000001,3556722.1582029997,3556722158203.0,414.0
1358386070715,gyro,0.005326745,-0.005326745,-0.005326745,3556742.696533,3556742696533.0,416.0
1358386070715,gyro,-0.0026633726,-0.0026633726,-0.005326745,3556732.595215,3556732595215.0,415.0
1358386070757,gyro,0.02130698,-0.007990118000000001,0.0,3556773.4582519997,3556773458252.0,418.0
1358386070757,gyro,0.015980236000000002,-0.007990118000000001,-0.005326745,3556752.218017,3556752218017.0,417.0
1358386070757,gyro,0.013316861999999999,-0.007990118000000001,0.0,3556782.6745599997,3556782674560.0,419.0
1358386070785,bottom,,,,,,
1358386070785,gyro,-0.005326745,-0.005326745,-0.0026633726,3556802.694092,3556802694092.0,421.0
1358386070785,gyro,0.0,-0.007990118000000001,0.0,3556792.287597,3556792287597.0,420.0
1358386070785,gyro,-0.007990118000000001,-0.0026633726,-0.007990118000000001,3556812.703857,3556812703857.0,422.0
1358386070814,gyro,-0.005326745,-0.0026633726,-0.007990118000000001,3556822.3168940004,3556822316894.0,423.0
1358386070815,gyro,0.0,0.0,-0.005326745,3556832.753906,3556832753906.0,424.0
1358386070847,gyro,0.013316861999999999,0.007990118000000001,0.0026633726,3556872.8540040003,3556872854004.0,427.0
1358386070847,gyro,0.015980236000000002,0.005326745,0.0,3556864.125976,3556864125976.0,426.0
1358386070847,gyro,0.007990118000000001,0.0,-0.0026633726,3556842.824707,3556842824707.0,425.0
1358386070874,gyro,0.007990118000000001,0.01065349,0.005326745,3556882.4060059995,3556882406006.0,428.0
1358386070875,gyro,-0.0026633726,0.015980236000000002,0.01065349,3556902.852783,3556902852783.0,430.0
1358386070875,gyro,0.0,0.013316861999999999,0.007990118000000001,3556892.751465,3556892751465.0,429.0
1358386070905,gyro,0.0,0.018643608,0.007990118000000001,3556932.8820800004,3556932882080.0,433.0
1358386070905,gyro,-0.0026633726,0.018643608,0.007990118000000001,3556922.7807610002,3556922780761.0,432.0
1358386070905,gyro,-0.0026633726,0.018643608,0.007990118000000001,3556912.4658199996,3556912465820.0,431.0
1358386070947,gyro,-0.0026633726,0.013316861999999999,0.0026633726,3556972.860107,3556972860107.0,436.0
1358386070947,gyro,0.0,0.018643608,0.007990118000000001,3556942.495117,3556942495117.0,434.0
1358386070947,gyro,-0.005326745,0.015980236000000002,0.005326745,3556963.918457,3556963918457.0,435.0
1358386070974,gyro,0.0,0.01065349,0.0,3556982.564697,3556982564697.0,437.0
1358386070975,gyro,0.0,0.007990118000000001,0.0,3556992.879638,3556992879638.0,438.0
1358386070975,gyro,0.0,0.0026633726,0.0,3557002.980957,3557002980957.0,439.0
1358386071004,gyro,0.0,0.0,0.0,3557012.5939940005,3557012593994.0,440.0
1358386071005,gyro,0.0,-0.0026633726,0.0,3557022.9089349997,3557022908935.0,441.0
1358386071036,gyro,0.005326745,-0.005326745,-0.0026633726,3557033.071289,3557033071289.0,442.0
1358386071037,gyro,0.018643608,-0.007990118000000001,-0.007990118000000001,3557054.6777339997,3557054677734.0,443.0
1358386071037,gyro,0.02130698,-0.01065349,-0.01065349,3557063.100586,3557063100586.0,444.0
1358386071065,gyro,0.018643608,-0.013316861999999999,-0.013316861999999999,3557072.6831050003,3557072683105.0,445.0
1358386071065,gyro,0.013316861999999999,-0.013316861999999999,-0.013316861999999999,3557083.120117,3557083120117.0,446.0
1358386071065,gyro,0.005326745,-0.013316861999999999,-0.015980236000000002,3557093.0383300004,3557093038330.0,447.0
1358386071094,gyro,0.0,-0.013316861999999999,-0.018643608,3557102.8039550004,3557102803955.0,448.0
1358386071095,gyro,0.0,-0.013316861999999999,-0.018643608,3557113.149414,3557113149414.0,449.0
1358386071095,gyro,0.0,-0.013316861999999999,-0.02130698,3557123.0676269997,3557123067627.0,450.0
1358386071137,gyro,0.0,-0.013316861999999999,-0.018643608,3557132.772217,3557132772217.0,451.0
1358386071137,gyro,0.0,-0.01065349,-0.007990118000000001,3557163.2287589996,3557163228759.0,453.0
1358386071137,gyro,0.0,-0.013316861999999999,-0.013316861999999999,3557154.012451,3557154012451.0,452.0
1358386071165,gyro,-0.0026633726,-0.01065349,-0.007990118000000001,3557173.17749,3557173177490.0,454.0
1358386071165,gyro,0.0,-0.007990118000000001,-0.007990118000000001,3557193.288574,3557193288574.0,456.0
1358386071165,gyro,0.0,-0.007990118000000001,-0.007990118000000001,3557183.278808,3557183278808.0,455.0
1358386071195,gyro,0.005326745,0.0,-0.007990118000000001,3557212.9113769997,3557212911377.0,458.0
1358386071195,gyro,0.005326745,-0.005326745,-0.007990118000000001,3557202.901611,3557202901611.0,457.0
1358386071227,gyro,-0.01065349,0.0,-0.0026633726,3557243.7036129995,3557243703613.0,460.0
1358386071227,gyro,0.0,0.0,-0.005326745,3557222.95166,3557222951660.0,459.0
1358386071227,gyro,-0.007990118000000001,-0.0026633726,0.0,3557252.980957,3557252980957.0,461.0
1358386071254,gyro,-0.0026633726,-0.0026633726,0.0026633726,3557262.990722,3557262990722.0,462.0
1358386071255,gyro,0.007990118000000001,-0.0026633726,0.01065349,3557283.0102540003,3557283010254.0,464.0
1358386071255,gyro,0.0026633726,-0.0026633726,0.005326745,3557273.0004879995,3557273000488.0,463.0
1358386071284,gyro,0.007990118000000001,-0.005326745,0.01065349,3557293.0200190004,3557293020019.0,465.0
1358386071285,top,,,,,,
1358386071285,gyro,0.0026633726,-0.007990118000000001,0.007990118000000001,3557313.070068,3557313070068.0,467.0
1358386071285,gyro,0.005326745,-0.005326745,0.007990118000000001,3557303.0603019996,3557303060302.0,466.0
1358386071326,gyro,0.0026633726,-0.005326745,0.005326745,3557323.0798339997,3557323079834.0,468.0
1358386071327,gyro,0.01065349,-0.005326745,0.0026633726,3557353.1396480002,3557353139648.0,470.0
1358386071327,gyro,0.007990118000000001,-0.005326745,0.005326745,3557343.129883,3557343129883.0,469.0
1358386071354,gyro,0.01065349,-0.005326745,0.0,3557363.118896,3557363118896.0,471.0
1358386071355,gyro,0.007990118000000001,-0.005326745,0.0,3557373.159179,3557373159179.0,472.0
1358386071355,gyro,0.0026633726,-0.005326745,0.0,3557383.1689449996,3557383168945.0,473.0
1358386071384,gyro,-0.0026633726,-0.005326745,0.0,3557393.178711,3557393178711.0,474.0
1358386071385,gyro,-0.007990118000000001,-0.007990118000000001,0.0,3557403.2189940005,3557403218994.0,475.0
1358386071427,gyro,-0.007990118000000001,-0.01065349,-0.0026633726,3557413.198242,3557413198242.0,476.0
1358386071427,gyro,0.0,-0.007990118000000001,-0.005326745,3557436.116943,3557436116943.0,477.0
1358386071428,gyro,0.007990118000000001,-0.007990118000000001,-0.005326745,3557443.654785,3557443654785.0,478.0
1358386071428,gyro,0.013316861999999999,-0.007990118000000001,-0.005326745,3557453.664551,3557453664551.0,479.0
1358386071455,gyro,0.013316861999999999,-0.005326745,-0.007990118000000001,3557463.2775879996,3557463277588.0,480.0
1358386071455,gyro,0.01065349,-0.005326745,-0.007990118000000001,3557473.714599,3557473714599.0,481.0
1358386071455,gyro,0.0026633726,-0.005326745,-0.007990118000000001,3557483.6328120003,3557483632812.0,482.0
1358386071484,gyro,-0.0026633726,-0.0026633726,-0.005326745,3557493.3374019996,3557493337402.0,483.0
1358386071485,gyro,-0.007990118000000001,-0.0026633726,-0.0026633726,3557503.652343,3557503652343.0,484.0
1358386071527,gyro,-0.007990118000000001,0.0,0.0,3557513.7536620004,3557513753662.0,485.0
1358386071527,gyro,-0.007990118000000001,0.0,0.0,3557535.45166,3557535451660.0,486.0
1358386071527,gyro,-0.0026633726,0.0,0.0026633726,3557544.759521,3557544759521.0,487.0
1358386071528,gyro,0.0,0.0,0.005326745,3557553.823242,3557553823242.0,488.0
1358386071554,gyro,0.0026633726,0.0,0.007990118000000001,3557563.4362790002,3557563436279.0,489.0
1358386071555,gyro,0.007990118000000001,0.0,0.007990118000000001,3557573.8732910003,3557573873291.0,490.0
1358386071555,gyro,0.007990118000000001,0.0,0.007990118000000001,3557583.760986,3557583760986.0,491.0
1358386071584,gyro,0.005326745,0.0,0.007990118000000001,3557593.496093,3557593496093.0,492.0
1358386071617,gyro,0.0,0.0,0.005326745,3557603.811035,3557603811035.0,493.0
1358386071617,gyro,-0.005326745,0.0,0.0026633726,3557625.509033,3557625509033.0,494.0
1358386071617,gyro,-0.0026633726,0.0,0.0,3557633.9318839996,3557633931884.0,495.0
1358386071617,gyro,0.0026633726,0.0026633726,0.0,3557643.972168,3557643972168.0,496.0
1358386071644,gyro,0.01065349,0.005326745,0.0,3557653.5852050004,3557653585205.0,497.0
1358386071645,gyro,0.01065349,0.007990118000000001,0.0,3557663.991699,3557663991699.0,498.0
1358386071645,gyro,0.005326745,0.007990118000000001,0.0,3557674.001465,3557674001465.0,499.0
1358386071674,gyro,-0.0026633726,0.01065349,-0.0026633726,3557683.88916,3557683889160.0,500.0
1358386071675,gyro,-0.01065349,0.01065349,-0.0026633726,3557694.051513,3557694051513.0,501.0
1358386071717,gyro,-0.0026633726,0.01065349,-0.005326745,3557725.9729,3557725972900.0,503.0
1358386071717,gyro,-0.013316861999999999,0.01065349,-0.0026633726,3557704.0612790002,3557704061279.0,502.0
1358386071718,gyro,0.007990118000000001,0.007990118000000001,-0.005326745,3557744.1308589997,3557744130859.0,505.0
1358386071718,gyro,0.0026633726,0.007990118000000001,-0.005326745,3557735.3112790002,3557735311279.0,504.0
1358386071745,gyro,0.007990118000000001,0.005326745,-0.0026633726,3557764.15039,3557764150390.0,507.0
1358386071745,gyro,0.01065349,0.005326745,-0.0026633726,3557753.7133790003,3557753713379.0,506.0
1358386071745,gyro,0.0026633726,0.0026633726,-0.0026633726,3557774.160156,3557774160156.0,508.0
1358386071777,gyro,0.0,0.0026633726,-0.0026633726,3557783.773193,3557783773193.0,509.0
1358386071805,bottom,,,,,,
1358386071805,gyro,0.0,0.0026633726,-0.0026633726,3557794.0881339996,3557794088134.0,510.0
1358386071805,gyro,0.0,0.0,-0.0026633726,3557815.3588860002,3557815358886.0,511.0
1358386071805,gyro,0.0,0.0,-0.0026633726,3557824.2395019997,3557824239502.0,512.0
1358386071805,gyro,0.0026633726,0.0,0.0,3557834.249267,3557834249267.0,513.0
1358386071834,gyro,0.0026633726,-0.0026633726,0.0,3557843.862304,3557843862304.0,514.0
1358386071835,gyro,0.007990118000000001,0.0,0.0026633726,3557864.278564,3557864278564.0,516.0
1358386071835,gyro,0.005326745,0.0,0.0,3557854.299316,3557854299316.0,515.0
1358386071864,gyro,0.005326745,0.0,0.005326745,3557873.891601,3557873891601.0,517.0
1358386071865,gyro,0.0026633726,0.0,0.005326745,3557884.3591309995,3557884359131.0,518.0
1358386071907,gyro,0.0,0.0,0.0026633726,3557894.3383790003,3557894338379.0,519.0
1358386071907,gyro,-0.0026633726,0.0026633726,0.0,3557915.914306,3557915914306.0,520.0
1358386071907,gyro,-0.0026633726,0.0026633726,0.0,3557925.4357910003,3557925435791.0,521.0
1358386071907,gyro,0.0,0.0026633726,0.0,3557934.285888,3557934285888.0,522.0
1358386071934,gyro,0.0,0.005326745,0.0,3557944.0209959997,3557944020996.0,523.0
1358386071935,gyro,0.0026633726,0.005326745,0.0,3557964.284668,3557964284668.0,525.0
1358386071935,gyro,0.0026633726,0.005326745,0.0,3557954.2749019996,3557954274902.0,524.0
1358386071964,gyro,0.0026633726,0.007990118000000001,-0.0026633726,3557974.050293,3557974050293.0,526.0
1358386071997,gyro,0.0,0.007990118000000001,-0.0026633726,3558006.582031,3558006582031.0,528.0
1358386071997,gyro,0.0026633726,0.007990118000000001,-0.0026633726,3557984.243164,3557984243164.0,527.0
1358386071997,gyro,0.0,0.005326745,-0.0026633726,3558014.364013,3558014364013.0,529.0
1358386071998,gyro,0.0,0.005326745,-0.0026633726,3558024.3737790002,3558024373779.0,530.0
1358386072025,gyro,0.0026633726,0.007990118000000001,-0.005326745,3558034.1394040002,3558034139404.0,531.0
1358386072025,gyro,0.0026633726,0.007990118000000001,-0.005326745,3558044.4238279997,3558044423828.0,532.0
1358386072025,gyro,0.0026633726,0.007990118000000001,-0.0026633726,3558054.433593,3558054433593.0,533.0
1358386072054,gyro,0.0,0.005326745,-0.0026633726,3558064.199218,3558064199218.0,534.0
1358386072055,gyro,-0.005326745,0.0026633726,-0.0026633726,3558074.6057129996,3558074605713.0,535.0
1358386072097,gyro,-0.005326745,0.0026633726,0.0,3558084.584961,3558084584961.0,536.0
1358386072097,gyro,0.0026633726,0.0026633726,0.0,3558105.8251949996,3558105825195.0,537.0
1358386072097,gyro,0.007990118000000001,0.0026633726,0.0,3558115.3161620004,3558115316162.0,538.0
1358386072098,gyro,0.013316861999999999,0.0026633726,0.0,3558124.746093,3558124746093.0,539.0
1358386072125,gyro,0.013316861999999999,0.0026633726,0.0,3558134.511718,3558134511718.0,540.0
1358386072125,gyro,0.007990118000000001,0.005326745,-0.0026633726,3558144.735107,3558144735107.0,541.0
1358386072126,gyro,0.005326745,0.005326745,0.0,3558154.7448730003,3558154744873.0,542.0
1358386072154,gyro,0.0026633726,0.005326745,-0.0026633726,3558164.632568,3558164632568.0,543.0
1358386072187,gyro,0.0026633726,0.0026633726,-0.005326745,3558204.8852540003,3558204885254.0,546.0
1358386072187,gyro,0.0026633726,0.0026633726,-0.007990118000000001,3558196.157226,3558196157226.0,545.0
1358386072187,gyro,0.0,0.0026633726,-0.0026633726,3558174.825439,3558174825439.0,544.0
1358386072188,gyro,0.0,0.0026633726,-0.0026633726,3558214.772949,3558214772949.0,547.0
1358386072215,gyro,0.0,0.0026633726,-0.0026633726,3558244.832763,3558244832763.0,550.0
1358386072215,gyro,-0.0026633726,0.0026633726,-0.0026633726,3558234.853515,3558234853515.0,549.0
1358386072215,gyro,0.0,0.0026633726,-0.0026633726,3558224.5996089997,3558224599609.0,548.0
1358386072245,gyro,0.0026633726,0.005326745,0.0,3558264.9133300004,3558264913330.0,552.0
1358386072245,gyro,0.0,0.005326745,-0.0026633726,3558254.5678709997,3558254567871.0,551.0
1358386072287,gyro,0.0026633726,0.0026633726,0.0,3558274.8620599997,3558274862060.0,553.0
1358386072287,gyro,-0.0026633726,0.0,0.0026633726,3558296.315918,3558296315918.0,554.0
1358386072287,gyro,-0.005326745,0.0,0.0026633726,3558305.745849,3558305745849.0,555.0
1358386072288,gyro,-0.007990118000000001,0.0,0.005326745,3558314.962158,3558314962158.0,556.0
1358386072315,top,,,,,,
1358386072315,gyro,-0.007990118000000001,0.0,0.005326745,3558344.9609370003,3558344960937.0,559.0
1358386072315,gyro,-0.007990118000000001,0.0,0.007990118000000001,3558334.9511720003,3558334951172.0,558.0
1358386072315,gyro,-0.007990118000000001,0.0,0.007990118000000001,3558324.6362300003,3558324636230.0,557.0
1358386072344,gyro,-0.005326745,0.0,0.0026633726,3558354.6350089996,3558354635009.0,560.0
1358386072377,gyro,0.013316861999999999,0.0,0.0026633726,3558405.050049,3558405050049.0,564.0
1358386072377,gyro,0.007990118000000001,0.0,0.0026633726,3558395.040283,3558395040283.0,563.0
1358386072377,gyro,0.0,0.0,0.0026633726,3558386.953125,3558386953125.0,562.0
1358386072377,gyro,-0.0026633726,0.0,0.0026633726,3558365.010986,3558365010986.0,561.0
1358386072404,gyro,0.013316861999999999,0.0,0.0026633726,3558415.059814,3558415059814.0,565.0
1358386072405,gyro,0.0,0.0,0.0026633726,3558435.0793449995,3558435079345.0,567.0
1358386072405,gyro,0.007990118000000001,0.0,0.0026633726,3558425.100097,3558425100097.0,566.0
1358386072435,gyro,-0.007990118000000001,0.0,0.0,3558444.9670410003,3558444967041.0,568.0
1358386072435,gyro,-0.013316861999999999,0.0,0.0,3558455.1293940004,3558455129394.0,569.0
1358386072477,gyro,0.0,0.0,-0.007990118000000001,3558496.0839839997,3558496083984.0,572.0
1358386072477,gyro,-0.0026633726,0.0,-0.005326745,3558486.593017,3558486593017.0,571.0
1358386072477,gyro,-0.013316861999999999,0.0,-0.0026633726,3558465.1696769996,3558465169677.0,570.0
1358386072477,gyro,0.005326745,-0.0026633726,-0.01065349,3558505.20874,3558505208740.0,573.0
1358386072505,gyro,0.007990118000000001,-0.0026633726,-0.013316861999999999,3558515.0964349997,3558515096435.0,574.0
1358386072514,gyro,0.01065349,0.0,-0.013316861999999999,3558524.9536129995,3558524953613.0,575.0
1358386072514,gyro,0.007990118000000001,0.0,-0.007990118000000001,3558535.2075190004,3558535207519.0,576.0
1358386072535,gyro,0.0,0.0,-0.005326745,3558545.095215,3558545095215.0,577.0
1358386072535,gyro,0.0,0.0,-0.0026633726,3558554.952392,3558554952392.0,578.0
1358386072535,gyro,-0.0026633726,0.0,-0.0026633726,3558566.335449,3558566335449.0,579.0
1358386072564,gyro,-0.0026633726,0.0,-0.0026633726,3558575.063476,3558575063476.0,580.0
1358386072564,gyro,-0.0026633726,0.0,-0.0026633726,3558586.202392,3558586202392.0,581.0
1358386072564,gyro,-0.0026633726,0.0026633726,0.0,3558594.9914550004,3558594991455.0,582.0
1358386072594,gyro,-0.0026633726,0.0026633726,0.0026633726,3558605.1232910003,3558605123291.0,583.0
1358386072595,gyro,-0.0026633726,0.0,0.0026633726,3558625.3869629996,3558625386963.0,585.0
1358386072595,gyro,-0.005326745,0.0,0.0026633726,3558615.46875,3558615468750.0,584.0
1358386072647,gyro,-0.0026633726,-0.0026633726,0.0026633726,3558635.1831050003,3558635183105.0,586.0
1358386072647,gyro,0.0,-0.0026633726,0.0026633726,3558656.3317870004,3558656331787.0,587.0
1358386072647,gyro,0.0026633726,-0.007990118000000001,0.0026633726,3558675.466308,3558675466308.0,589.0
1358386072647,gyro,0.0026633726,-0.007990118000000001,0.0026633726,3558665.456543,3558665456543.0,588.0
1358386072675,gyro,-0.0026633726,-0.007990118000000001,0.0,3558705.4956050003,3558705495605.0,592.0
1358386072675,gyro,0.0,-0.01065349,0.0,3558695.516357,3558695516357.0,591.0
1358386072675,gyro,0.0,-0.01065349,0.0,3558685.262451,3558685262451.0,590.0
1358386072704,gyro,-0.005326745,-0.007990118000000001,0.0,3558715.2917480003,3558715291748.0,593.0
1358386072705,gyro,-0.005326745,-0.01065349,0.0,3558725.5151360002,3558725515136.0,594.0
1358386072747,gyro,0.0,-0.005326745,0.0,3558776.387939,3558776387939.0,598.0
1358386072747,gyro,0.0,-0.005326745,0.0,3558766.8359370003,3558766835937.0,597.0
1358386072747,gyro,0.0,-0.005326745,-0.0026633726,3558757.3754879995,3558757375488.0,596.0
1358386072747,gyro,-0.0026633726,-0.01065349,0.0,3558735.5554199996,3558735555420.0,595.0
1358386072774,gyro,0.0,-0.005326745,0.0,3558785.390625,3558785390625.0,599.0
1358386072774,gyro,-0.0026633726,-0.005326745,-0.0026633726,3558795.644531,3558795644531.0,600.0
1358386072775,gyro,-0.0026633726,-0.0026633726,-0.0026633726,3558805.6542970003,3558805654297.0,601.0
1358386072804,gyro,-0.0026633726,-0.0026633726,0.0,3558815.450439,3558815450439.0,602.0
1358386072837,bottom,,,,,,
1358386072837,gyro,-0.0026633726,0.0,0.0,3558825.8264160003,3558825826416.0,603.0
1358386072837,gyro,-0.005326745,0.0,-0.0026633726,3558847.585449,3558847585449.0,604.0
1358386072838,gyro,-0.005326745,0.0,-0.0026633726,3558855.672607,3558855672607.0,605.0
1358386072838,gyro,-0.0026633726,0.005326745,-0.005326745,3558865.743408,3558865743408.0,606.0
1358386072864,gyro,-0.0026633726,0.007990118000000001,-0.007990118000000001,3558875.539551,3558875539551.0,607.0
1358386072864,gyro,0.0,0.013316861999999999,-0.01065349,3558885.762939,3558885762939.0,608.0
1358386072865,gyro,0.0,0.015980236000000002,-0.013316861999999999,3558895.803222,3558895803222.0,609.0
1358386072894,gyro,0.0026633726,0.018643608,-0.018643608,3558905.599365,3558905599365.0,610.0
1358386072895,gyro,0.0,0.02130698,-0.018643608,3558915.8227540003,3558915822754.0,611.0
1358386072937,gyro,-0.0026633726,0.02130698,-0.013316861999999999,3558925.8325190004,3558925832519.0,612.0
1358386072937,gyro,-0.013316861999999999,0.015980236000000002,-0.0026633726,3558947.2558589997,3558947255859.0,613.0
1358386072937,gyro,-0.013316861999999999,0.013316861999999999,0.0,3558956.5942379995,3558956594238.0,614.0
1358386072937,gyro,-0.005326745,0.013316861999999999,0.0,3558966.573486,3558966573486.0,615.0
1358386072964,gyro,0.007990118000000001,0.013316861999999999,0.0026633726,3558985.9216309995,3558985921631.0,617.0
1358386072964,gyro,0.0,0.013316861999999999,0.0,3558975.698242,3558975698242.0,616.0
1358386072965,gyro,0.007990118000000001,0.01065349,0.0026633726,3558995.961914,3558995961914.0,618.0
1358386072994,gyro,0.0,0.007990118000000001,0.0,3559005.727539,3559005727539.0,619.0
1358386073027,gyro,-0.0026633726,0.0026633726,0.0,3559015.9814449996,3559015981445.0,620.0
1358386073027,gyro,-0.005326745,-0.0026633726,0.0,3559037.7404779997,3559037740478.0,621.0
1358386073027,gyro,-0.0026633726,-0.0026633726,0.0,3559046.0717769996,3559046071777.0,622.0
1358386073027,gyro,0.0,-0.005326745,0.0,3559056.020508,3559056020508.0,623.0
1358386073054,gyro,0.0,-0.007990118000000001,0.0,3559065.81665,3559065816650.0,624.0
1358386073055,gyro,-0.005326745,-0.01065349,0.0,3559076.070556,3559076070556.0,625.0
1358386073055,gyro,-0.01065349,-0.013316861999999999,0.0,3559086.080322,3559086080322.0,626.0
1358386073084,gyro,-0.013316861999999999,-0.015980236000000002,0.0,3559095.876465,3559095876465.0,627.0
1358386073085,gyro,-0.007990118000000001,-0.018643608,0.0,3559106.0998529997,3559106099853.0,628.0
1358386073127,gyro,-0.0026633726,-0.023970352,0.0,3559116.1096190005,3559116109619.0,629.0
1358386073127,gyro,0.01065349,-0.023970352,0.0,3559137.746582,3559137746582.0,630.0
1358386073127,gyro,0.013316861999999999,-0.02130698,-0.0026633726,3559147.237549,3559147237549.0,631.0
1358386073127,gyro,0.01065349,-0.018643608,-0.0026633726,3559156.820068,3559156820068.0,632.0
1358386073154,gyro,0.005326745,-0.018643608,-0.0026633726,3559165.975342,3559165975342.0,633.0
1358386073154,gyro,0.0,-0.013316861999999999,-0.005326745,3559176.2292480003,3559176229248.0,634.0
1358386073155,gyro,-0.005326745,-0.01065349,-0.007990118000000001,3559186.239013,3559186239013.0,635.0
1358386073184,gyro,-0.007990118000000001,-0.005326745,-0.01065349,3559196.035156,3559196035156.0,636.0
1358386073216,gyro,-0.007990118000000001,-0.0026633726,-0.01065349,3559206.2585449996,3559206258545.0,637.0
1358386073216,gyro,-0.0026633726,0.0,-0.01065349,3559227.7734370003,3559227773437.0,638.0
1358386073217,gyro,-0.0026633726,0.0026633726,-0.013316861999999999,3559236.257324,3559236257324.0,639.0
1358386073217,gyro,0.0,0.005326745,-0.01065349,3559246.328125,3559246328125.0,640.0
1358386073244,gyro,0.0,0.005326745,-0.007990118000000001,3559266.347656,3559266347656.0,642.0
1358386073244,gyro,0.0,0.005326745,-0.007990118000000001,3559256.124267,3559256124267.0,641.0
1358386073245,gyro,-0.0026633726,0.005326745,-0.005326745,3559276.3574220003,3559276357422.0,643.0
1358386073274,gyro,0.0,0.005326745,-0.005326745,3559286.184082,3559286184082.0,644.0
1358386073275,gyro,0.0,0.005326745,-0.0026633726,3559296.3464349997,3559296346435.0,645.0
1358386073316,gyro,0.0,0.005326745,-0.0026633726,3559306.417236,3559306417236.0,646.0
1358386073317,gyro,-0.005326745,0.0,0.0,3559346.9445800004,3559346944580.0,649.0
1358386073317,gyro,-0.0026633726,0.0026633726,0.0,3559337.209472,3559337209472.0,648.0
1358386073317,gyro,0.0,0.0026633726,0.0,3559327.901611,3559327901611.0,647.0
1358386073344,gyro,-0.005326745,0.0,0.0,3559356.2829589997,3559356282959.0,650.0
1358386073344,gyro,-0.0026633726,0.0,0.0,3559366.506347,3559366506347.0,651.0
1358386073344,top,,,,,,
1358386073345,gyro,0.0,0.0,0.0,3559376.5466309995,3559376546631.0,652.0
1358386073374,gyro,0.0,-0.0026633726,0.0,3559386.3122559995,3559386312256.0,653.0
1358386073407,gyro,-0.005326745,-0.007990118000000001,0.0,3559417.897949,3559417897949.0,655.0
1358386073407,gyro,-0.005326745,-0.01065349,0.0,3559436.605224,3559436605224.0,657.0
1358386073407,gyro,-0.007990118000000001,-0.01065349,0.0,3559426.6564940005,3559426656494.0,656.0
1358386073407,gyro,-0.0026633726,-0.0026633726,0.0,3559396.5356440004,3559396535644.0,654.0
1358386073434,gyro,-0.005326745,-0.013316861999999999,0.0,3559446.401367,3559446401367.0,658.0
1358386073435,gyro,-0.0026633726,-0.013316861999999999,0.0,3559466.665039,3559466665039.0,660.0
1358386073435,gyro,-0.0026633726,-0.013316861999999999,0.0,3559456.6552730002,3559456655273.0,659.0
1358386073464,gyro,-0.0026633726,-0.013316861999999999,0.0,3559476.461181,3559476461181.0,661.0
1358386073465,gyro,-0.007990118000000001,-0.015980236000000002,0.0,3559486.6845699996,3559486684570.0,662.0
1358386073506,gyro,-0.01065349,-0.015980236000000002,0.0,3559496.694336,3559496694336.0,663.0
1358386073507,gyro,0.0,-0.015980236000000002,0.0,3559537.0996089997,3559537099609.0,666.0
1358386073507,gyro,-0.007990118000000001,-0.015980236000000002,0.0,3559527.51709,3559527517090.0,665.0
1358386073507,gyro,-0.013316861999999999,-0.015980236000000002,0.0,3559518.0261230003,3559518026123.0,664.0
1358386073534,gyro,0.0,-0.015980236000000002,0.0026633726,3559546.560058,3559546560058.0,667.0
1358386073534,gyro,0.0,-0.013316861999999999,0.0026633726,3559556.905517,3559556905517.0,668.0
1358386073535,gyro,0.0,-0.013316861999999999,0.0026633726,3559566.7932129996,3559566793213.0,669.0
1358386073564,gyro,-0.0026633726,-0.013316861999999999,0.0,3559576.6198730003,3559576619873.0,670.0
1358386073596,gyro,-0.0026633726,-0.013316861999999999,0.0,3559586.8432610002,3559586843261.0,671.0
1358386073596,gyro,0.0,-0.007990118000000001,-0.0026633726,3559608.2971190005,3559608297119.0,672.0
1358386073596,gyro,0.0026633726,-0.007990118000000001,-0.0026633726,3559616.8420410003,3559616842041.0,673.0
1358386073597,gyro,0.0,-0.007990118000000001,-0.0026633726,3559626.882324,3559626882324.0,674.0
1358386073624,gyro,-0.0026633726,-0.007990118000000001,0.0,3559636.678467,3559636678467.0,675.0
1358386073624,gyro,-0.007990118000000001,-0.005326745,0.0,3559646.9323730003,3559646932373.0,676.0
1358386073625,gyro,-0.01065349,-0.005326745,0.005326745,3559656.942138,3559656942138.0,677.0
1358386073654,gyro,-0.007990118000000001,-0.0026633726,0.007990118000000001,3559666.738281,3559666738281.0,678.0
1358386073655,gyro,0.0,-0.0026633726,0.01065349,3559676.9616699996,3559676961670.0,679.0
1358386073696,gyro,0.007990118000000001,0.0,0.007990118000000001,3559708.4863279997,3559708486328.0,681.0
1358386073696,gyro,0.0,0.0,0.007990118000000001,3559726.9799800003,3559726979980.0,683.0
1358386073696,gyro,0.0026633726,0.0,0.007990118000000001,3559717.7636720003,3559717763672.0,682.0
1358386073696,gyro,0.005326745,-0.0026633726,0.01065349,3559686.9714349997,3559686971435.0,680.0
1358386073724,gyro,0.0,-0.0026633726,0.0026633726,3559747.091064,3559747091064.0,685.0
1358386073724,gyro,0.0,-0.0026633726,0.005326745,3559736.837158,3559736837158.0,684.0
1358386073725,gyro,0.0,-0.0026633726,0.0026633726,3559757.131347,3559757131347.0,686.0
1358386073754,gyro,0.005326745,-0.0026633726,0.0026633726,3559766.896972,3559766896972.0,687.0
1358386073786,gyro,0.007990118000000001,0.0,0.0026633726,3559777.120361,3559777120361.0,688.0
1358386073786,gyro,0.005326745,-0.0026633726,0.0,3559798.574218,3559798574218.0,689.0
1358386073786,gyro,0.0026633726,-0.0026633726,0.0,3559807.241211,3559807241211.0,690.0
1358386073787,gyro,0.0,-0.0026633726,0.0,3559817.189941,3559817189941.0,691.0
1358386073814,gyro,0.007990118000000001,-0.005326745,0.0,3559837.209472,3559837209472.0,693.0
1358386073814,gyro,0.0026633726,-0.005326745,0.0,3559826.9860839997,3559826986084.0,692.0
1358386073815,gyro,0.013316861999999999,-0.0026633726,0.0,3559846.8835449996,3559846883545.0,694.0
1358386073844,bottom,,,,,,
1358386073844,gyro,0.015980236000000002,-0.0026633726,0.0,3559856.9848629995,3559856984863.0,695.0
1358386073845,gyro,0.015980236000000002,-0.0026633726,0.0,3559867.2082519997,3559867208252.0,696.0
1358386073886,gyro,0.013316861999999999,0.0,0.0,3559876.882324,3559876882324.0,697.0
1358386073886,gyro,0.005326745,0.0,0.0,3559898.0004879995,3559898000488.0,698.0
1358386073886,gyro,0.005326745,0.0,0.0,3559907.247314,3559907247314.0,699.0
1358386073887,gyro,0.005326745,0.0,0.0,3559917.4707029997,3559917470703.0,700.0
1358386073915,gyro,0.005326745,0.0026633726,0.0,3559927.2668449995,3559927266845.0,701.0
1358386073915,gyro,0.005326745,0.0026633726,0.0,3559937.3071290003,3559937307129.0,702.0
1358386073915,gyro,0.005326745,0.005326745,0.0,3559947.011718,3559947011718.0,703.0
1358386073956,gyro,0.005326745,0.007990118000000001,0.0,3559967.366943,3559967366943.0,705.0
1358386073956,gyro,0.005326745,0.005326745,0.0,3559957.143554,3559957143554.0,704.0
1358386073984,gyro,0.007990118000000001,0.007990118000000001,0.0,3559988.7292480003,3559988729248.0,706.0
1358386073984,gyro,0.01065349,0.007990118000000001,0.0,3559997.365722,3559997365722.0,707.0
1358386073985,gyro,0.013316861999999999,0.007990118000000001,0.0,3560007.3754879995,3560007375488.0,708.0
1358386073985,gyro,0.01065349,0.007990118000000001,0.0,3560017.0800779997,3560017080078.0,709.0
1358386074014,gyro,0.005326745,0.007990118000000001,0.0,3560027.242431,3560027242431.0,710.0
1358386074014,gyro,0.0,0.007990118000000001,0.0,3560037.5268550003,3560037526855.0,711.0
1358386074014,gyro,-0.0026633726,0.0026633726,0.0,3560047.139892,3560047139892.0,712.0
1358386074044,gyro,-0.0026633726,0.0026633726,0.0,3560057.2717279997,3560057271728.0,713.0
1358386074076,gyro,0.013316861999999999,-0.0026633726,0.0026633726,3560107.290039,3560107290039.0,717.0
1358386074076,gyro,0.015980236000000002,-0.0026633726,0.0026633726,3560098.165283,3560098165283.0,716.0
1358386074076,gyro,0.01065349,0.0,0.0026633726,3560088.918457,3560088918457.0,715.0
1358386074076,gyro,0.0,0.0,0.0026633726,3560067.495117,3560067495117.0,714.0
1358386074104,gyro,0.0,-0.0026633726,0.0026633726,3560127.5842279997,3560127584228.0,719.0
1358386074104,gyro,0.007990118000000001,-0.0026633726,0.0026633726,3560117.36084,3560117360840.0,718.0
1358386074134,gyro,-0.005326745,-0.0026633726,0.0,3560137.258301,3560137258301.0,720.0
1358386074135,gyro,-0.007990118000000001,-0.005326745,0.0,3560147.6037589996,3560147603759.0,721.0
1358386074136,end,,,,,,
